Country Name,Country Code,1991,1992,1993,1994,1995,1996,1997,1998,1999,2000,2001,2002,2003,2004,2005,2006,2007,2008,2009,2010,2011,2012,2013
Afghanistan,AFG,..,..,..,..,..,..,..,..,..,..,..,895.5991488,945.6869299,940.476299,1039.408242,1095.655628,1245.059223,1283.040986,1525.517054,1629.16729,1712.58872,1933.396262,1938.330862
Albania,ALB,2011.846695,1921.168175,2168.8916,2413.669178,2809.021861,3140.044758,2865.514603,3177.498651,3684.954274,4045.762083,4508.643166,4785.892827,5182.503195,5652.616664,6199.928073,7071.089751,7659.173793,8769.117112,9345.0975,9297.489638,9640.130812,9647.320246,9821.673031
Algeria,DZA,6624.910108,6738.867256,6607.239948,6551.303664,6811.840962,7095.978293,7180.636561,7515.801851,7765.025543,8007.874121,8457.850475,8955.189049,9669.131034,10228.85465,11029.44152,11396.62844,11916.71707,12197.99926,12278.91406,12649.67227,13026.19166,13433.36187,13741.20445
American Samoa,ASM,..,..,..,..,..,..,..,..,..,..,..,..,..,..,..,..,..,..,..,..,..,..,..
Andorra,ADO,..,..,..,..,..,..,..,..,..,..,..,..,..,..,..,..,..,..,..,..,..,..,..
Angola,AGO,..,..,..,..,..,..,..,..,..,..,..,..,..,..,..,..,..,..,..,..,6949.021848,..,..
Antigua and Barbuda,ATG,11594.57506,11766.78311,12415.41251,13141.20213,12516.60041,13236.87073,13732.76683,14108.11207,14554.48083,15312.5665,14907.07263,15372.57819,16426.92431,17593.87624,19067.0683,22040.91366,24503.84487,24723.11189,21671.37575,20151.30987,19987.92414,20946.70084,20969.5527
Argentina,ARG,..,..,..,..,..,..,..,..,..,..,..,..,..,..,..,..,..,..,..,..,..,..,..
Armenia,ARM,2223.444263,1347.491008,1287.955107,1419.992742,1581.73379,1731.807416,1840.696008,2012.338894,2123.61324,2313.331946,2605.771618,3007.219393,3510.316808,3998.143137,4716.243273,5526.092806,6483.504649,7097.912173,6158.301452,6376.268217,6803.482997,7398.453073,7720.570605
Aruba,ABW,..,..,..,..,..,..,..,..,..,..,..,..,..,..,..,..,..,..,..,..,36015.07046,..,..
Australia,AUS,17804.3095,18197.44862,19136.44637,20061.91707,20962.1194,22016.34174,22935.37611,24218.74674,25268.51981,26331.65409,27384.12124,28685.30614,29684.59242,31309.60854,32559.45929,34310.09018,36539.16476,37479.28912,40205.02665,39118.69316,41763.11851,43098.6922,43306.47833
Austria,AUT,20650.17536,21327.06043,21769.22971,22679.0925,23733.46182,24598.01091,25551.72364,26741.89161,27752.71775,29574.16656,29849.37433,31261.55163,32199.27398,33809.75076,34691.20896,37649.52898,39238.3032,41151.58504,40633.38422,41863.85146,44022.39527,44850.3865,45121.12002
Azerbaijan,AZE,5558.818413,4334.433664,3361.035497,2719.340227,2420.444864,2471.585879,2634.158631,2901.351672,3136.093893,3534.329148,3942.084882,4393.967199,4945.907916,5551.448842,7169.150431,9830.162606,12477.38469,13799.78614,14900.50866,15627.60562,15754.15236,16173.44728,17142.75996
"Bahamas, The",BHS,15253.25583,14721.34013,14837.44668,15361.95338,16120.83741,16888.93198,17338.20097,18157.7265,19515.95658,20486.83736,21131.6689,21606.43716,21304.66135,21619.39465,22602.88621,23417.23436,23928.02132,23397.81577,22196.81949,22431.13764,22665.16756,23224.10902,23235.11389
Bahrain,BHR,25588.16568,27222.92149,30697.4636,30505.92267,31529.02204,32494.62222,33048.3316,33861.90576,34579.99318,35792.04549,36005.75474,36288.46741,37374.89557,38724.49061,39770.76082,40220.94274,40979.87158,40843.84606,39343.22549,39423.65129,39676.71702,40973.70867,43320.2923
Bangladesh,BGD,871.0798766,918.4548687,963.3034791,1000.283763,1050.6545,1094.567693,1138.934299,1185.987717,1235.147515,1304.442358,1375.759114,1424.312233,1495.529221,1591.404389,1724.427708,1871.000135,2031.778522,2171.629728,2273.164201,2401.71874,2579.335048,2763.5107,2937.40381
Barbados,BRB,8499.596787,8174.755356,8402.720669,8720.635516,9053.49151,9555.750931,10135.93055,10585.96971,10742.94385,11443.57652,11386.82975,11622.64182,12073.39022,12540.47317,13421.01435,14563.9997,15144.58071,15444.69153,14872.86448,15036.36253,15401.54965,15665.96689,15847.45137
Belarus,BLR,5331.205325,4918.655385,4642.519116,4191.496264,3846.321048,4039.674256,4596.67258,5060.880441,5331.032663,5785.87425,6245.425114,6703.775792,7369.828474,8497.621267,9662.054244,11022.0864,12345.10559,13917.75675,14082.53828,15385.45927,16603.38953,17210.43921,17650.67857
Belgium,BEL,19997.10209,20681.92042,20888.55019,21953.71799,22898.07681,23296.13541,24322.00629,24844.24067,25922.82496,28285.85588,29190.96151,30767.29975,31049.29839,31984.16724,33042.89928,35093.15386,36583.33069,37846.95559,37641.50034,39142.07962,40858.72517,41316.98477,41305.16239
Belize,BLZ,3740.84822,4216.167551,4510.941425,4521.258503,4526.680461,4528.313715,4598.357259,4640.374318,4937.771618,5517.29757,5747.649582,5965.83771,6481.168668,6793.409557,7010.103191,7362.319907,7445.858542,7638.380094,7559.677016,7717.448532,7857.224198,8118.875623,8183.618392
Benin,BEN,978.0410579,992.4465664,1036.023937,1041.32595,1089.854787,1122.000574,1171.559489,1196.354532,1242.716676,1305.034602,1361.728492,1400.049756,1428.792779,1483.357743,1507.891161,1565.55691,1651.808665,1714.280209,1716.207268,1723.796926,1761.574331,1825.96898,1928.380367
Bermuda,BMU,26261.12594,27038.87672,28362.56613,28938.43927,30621.69158,31787.7791,33613.37247,35044.95134,36579.56343,40535.20826,43976.09251,43706.03474,45797.32036,47835.43923,49877.28411,53949.42371,56640.989,58288.61209,55320.16171,55254.21412,54984.51039,53073.28232,52347.4971
Bhutan,BTN,1554.096666,1683.413124,1788.995889,1945.527046,2136.988247,2281.496675,2405.159108,2514.284088,2681.770229,2850.815991,3064.827799,3344.159882,3564.723225,3770.094685,4060.201675,4365.935906,5172.726954,5418.202026,5717.165737,6354.393934,6882.688407,7248.09903,7404.916748
Bolivia,BOL,2555.468852,2604.909301,2726.41054,2857.412262,2993.810158,3119.281545,3264.944963,3399.253115,3399.735758,3497.279475,3570.0555,3647.572088,3753.050849,3946.709016,4180.320068,4438.619391,4684.928029,4986.848846,5108.846894,5298.08291,5598.566773,5897.068622,6292.622645
Bosnia and Herzegovina,BIH,..,..,..,918.6232022,1165.833786,2283.546636,3147.218636,3681.034345,4086.962647,4399.990342,4689.779943,5002.825002,5294.223314,5758.71554,6228.991612,7154.583241,7855.209503,8616.898534,8523.644754,8770.406133,9265.015888,9369.886558,9544.660927
Botswana,BWA,5647.625684,5780.599237,5871.119852,6057.043713,6462.090383,6810.135489,7328.001672,7317.558437,8003.46657,8212.672296,8296.887363,8814.832844,9283.020404,9661.290445,10268.51467,11277.62387,12310.67996,13082.00208,11934.06089,12854.16489,13634.26789,14255.47804,15499.13933
Brazil,BRA,6854.152303,6867.094693,7245.008936,7674.839164,8055.56897,8253.059803,8544.817088,8534.87806,8575.391105,9017.794222,9203.418953,9492.031083,9661.94845,10349.31311,10880.5558,11527.63612,12409.41574,13152.49026,13091.27123,14117.25862,14830.89956,15220.22867,15726.48814
Brunei Darussalam,BRN,51601.09373,53739.04461,53660.55336,55010.77154,57164.33009,58410.4211,57157.09876,56162.45612,57503.09719,59253.67743,61062.58217,63217.42997,65178.52895,66146.07321,67366.83381,71257.33161,72032.38932,70824.08444,68962.85521,70486.33306,73265.12163,74160.90681,72871.43698
Bulgaria,BGR,5167.953843,4954.276015,5037.091803,5255.628645,5543.335239,5282.907059,5408.928249,6123.137815,5778.977893,6346.022638,6893.673917,7760.377767,8385.889978,9158.034198,10124.00268,11447.95536,13320.5627,14934.79129,14875.60326,15073.86724,15603.0255,15965.37776,16062.76331
Burkina Faso,BFA,582.3961199,581.194383,599.1618033,603.2795925,633.4325127,696.5098128,732.4923129,772.5805971,819.0421535,829.0523864,878.6072475,904.6273875,966.3056617,1007.368261,1096.688868,1165.274265,1225.850888,1300.498069,1308.546046,1393.562721,1470.435184,1546.937773,1580.253439
Burundi,BDI,717.0176242,723.7173334,680.303455,655.7380116,606.0243611,559.2600749,552.2035397,576.4927641,569.6248028,565.3579325,574.8682608,591.4940159,576.4781864,599.8560986,603.2655406,632.6474358,656.8677489,679.0614557,683.4686854,693.4700034,712.6704834,729.6979009,749.3267235
Cambodia,KHM,..,..,707.0803498,761.3493085,801.0642921,834.2719347,871.214874,900.7307851,998.8246051,1086.552577,1176.442768,1250.965446,1360.912011,1518.086216,1746.878825,1964.211764,2189.504168,2346.803965,2331.425309,2462.45279,2648.650018,2845.34857,3053.049408
Cameroon,CMR,1726.901947,1662.504905,1522.742747,1542.981123,1595.122677,1657.890457,1728.458535,1784.388818,1836.001013,1905.370959,1984.237936,2041.760122,2111.164252,2192.349746,2256.197358,2339.807259,2417.748926,2472.469533,2475.605671,2522.88181,2614.495561,2714.105608,2835.524347
Canada,CAN,19974.0065,20352.50334,21147.3197,22364.8974,23263.13523,23827.62816,25000.57531,26090.89466,27584.78569,29075.94542,29936.9334,30630.73969,32019.26104,33594.04798,35973.49151,37822.24824,39226.34768,40108.28948,38709.05008,40055.27214,41567.43177,42280.83331,43033.14957
Cabo Verde,CPV,1098.188568,1214.280837,1314.932923,1556.829979,1766.689257,1951.15542,2149.791037,2386.443946,2634.083571,3014.572463,3091.34299,3245.295946,3393.994296,3791.219232,4137.486159,4566.166223,5365.042686,5803.386002,5739.376255,5850.145328,6147.974534,6253.924007,6332.687754
Cayman Islands,CYM,..,..,..,..,..,..,..,..,..,..,..,..,..,..,..,..,..,..,..,..,49902.14655,..,..
Central African Republic,CAF,606.4092474,565.6977839,566.1243873,591.0591211,630.9029506,602.0465629,629.9202973,651.9381055,671.4253139,656.5368275,688.7929287,712.43569,676.2938429,724.6169038,742.1235281,779.026554,821.6781021,839.3651082,844.2027156,864.0099163,893.6794586,928.9726331,591.2870155
Chad,TCD,779.4670461,834.0484313,697.0841968,759.0252591,758.833881,763.5820165,792.9518858,827.8913118,805.4920752,787.153221,865.7177219,917.7863182,1033.54866,1366.931959,1596.68959,1599.891275,1640.202587,1667.697393,1694.821571,1884.795827,1862.351166,1996.492543,2071.628089
Channel Islands,CHI,..,..,..,..,..,..,..,..,..,..,..,..,..,..,..,..,..,..,..,..,..,..,..
Chile,CHL,4887.038305,5579.526925,6077.834389,6528.173842,7338.520956,7993.250687,8599.403826,8907.978969,8846.430031,9848.901938,10249.8352,10535.56973,11133.57471,11991.27772,12964.80494,15641.81103,16846.00826,16441.89632,16230.42275,18256.19664,20266.03603,21183.0464,21967.5793
China,CHN,1091.448831,1260.1625,1453.159118,1659.312916,1859.830418,2060.029708,2265.313589,2446.149933,2649.745162,2915.414665,3205.927472,3527.351904,3933.599477,4422.650321,5053.37904,5836.832773,6807.112205,7569.679892,8290.08893,9238.75527,10274.49435,11214.76882,12196.07448
Colombia,COL,5050.719252,5327.885353,5485.499263,5827.996645,6155.688368,6294.865168,6520.037003,6528.900673,6256.810181,6585.333975,6750.687139,6927.320919,7241.331945,7732.320562,8248.354961,8957.336622,9710.901183,10132.23949,10260.20522,10680.00208,11496.52725,12052.9169,12711.2556
Comoros,COM,939.5062512,1012.823224,1037.602092,975.5235021,1003.281797,980.9813108,1010.225585,1007.136936,1015.424602,1122.212766,1145.637356,1161.508506,1180.72193,1207.055047,1250.669241,1291.518663,1304.414622,1303.197522,1306.440009,1318.895891,1347.797753,1379.081603,1413.860021
"Congo, Dem. Rep.",ZAR,746.584173,656.7518966,559.1560783,528.7577811,525.7872596,514.7595533,481.5914621,467.4798298,443.2927607,410.9759541,399.8600909,405.4826844,423.0995119,449.3959026,476.737205,501.115433,529.2218734,554.8883649,556.7280751,584.2600548,617.1479614,652.0886234,695.6968466
"Congo, Rep.",COG,3501.371141,3580.067405,3535.981191,3324.439887,3436.549232,3552.014034,3493.113944,3564.540556,3433.823369,3684.100083,3819.679366,3965.123278,3985.667797,4137.021948,4482.453591,4770.057891,4675.456706,4879.038556,5125.450614,5482.111376,5632.435875,5800.420578,5939.537017
Costa Rica,CRI,4869.365996,5299.643773,5682.253894,5927.400739,6135.623732,6152.650692,6452.75894,6911.702669,7433.929706,7588.726,7705.16082,7918.920307,8463.380463,8934.268856,9624.79691,10638.83689,11624.96873,12011.73098,11823.19203,12402.95929,13072.14256,13833.10563,14360.46661
Cote d'Ivoire,CIV,2077.387429,2047.100685,2021.612975,2013.651778,2133.248811,2269.525254,2325.24034,2398.613584,2411.940058,2360.206139,2367.134018,2319.377597,2292.627944,2343.02927,2415.250437,2478.838227,2538.131677,2598.689986,2645.430634,2671.139553,2546.906812,2802.411814,3031.677947
Croatia,HRV,..,..,..,..,8118.529128,9140.061213,9720.270642,10212.95945,10102.19434,11057.35468,11790.30528,12740.16502,13643.33335,14647.1505,15535.492,17019.72,18923.49537,20464.44558,19399.37573,18968.8586,20571.24751,21113.61513,21314.12475
Cuba,CUB,8104.652527,7280.831716,6308.728246,6455.768483,6719.779946,7345.594523,7647.935406,7713.899128,8287.856106,8948.602699,9414.413637,9666.82919,10205.7586,11066.04515,12678.60448,14626.52465,16093.62914,17075.49136,17443.36295,18061.00964,18924.76327,19811.86343,20611.03968
Curacao,CUW,..,..,..,..,..,..,..,..,..,..,..,..,..,..,..,..,..,..,..,..,..,..,..
Cyprus,CYP,13394.15535,14593.76153,14686.59586,15558.94458,16549.56138,16900.78287,17358.59288,18349.31502,19211.75527,20732.15237,22347.78974,22994.62964,23827.479,25602.80207,27331.00925,29724.58076,31770.1526,34825.61601,34098.76694,33934.39183,32983.11391,32553.54373,31198.09814
Czech Republic,CZE,11655.0136,11848.1823,12124.97239,12738.66368,13821.88149,14699.92766,14904.06146,14976.7184,15387.3753,16286.82095,17646.01731,18318.35495,19607.3357,20990.28193,22286.45719,24415.8833,26683.19771,27111.5482,27017.45426,27050.95782,28604.21266,28631.52411,28952.85227
Denmark,DNK,19622.51083,20398.70502,20795.91651,22336.42995,23379.11811,24476.65615,25702.17972,26622.06964,27544.00656,29566.18624,30239.87372,31597.68986,31265.79164,33152.64792,34079.95976,37189.65988,38674.40958,40838.18875,39624.81116,41806.92999,43314.05636,43560.06035,43782.16505
Djibouti,DJI,1916.979786,1909.10633,1790.42486,1781.667213,1725.647095,1654.48628,1639.942194,1629.415117,1660.912953,1677.661256,1723.537812,1768.428111,1833.863819,1928.388215,2025.13427,2158.330859,2298.569959,2447.953808,2557.639707,2644.628229,2782.971292,2930.885121,3081.79134
Dominica,DMA,4521.865914,4711.055483,4888.583618,5052.230589,5259.82045,5514.407284,5723.779318,6113.757242,6284.868655,6472.655571,6653.295373,6623.116849,7248.304613,7660.475883,7875.683205,8337.973419,9090.500959,9909.982673,9852.901319,10016.24637,10189.39821,10201.58161,10368.77642
Dominican Republic,DOM,3519.132436,3901.635195,4202.553817,4310.658092,4560.339034,4890.048004,5283.439652,5623.646289,5997.179025,6379.557666,6540.256508,6917.52972,6931.27888,7108.112023,7899.638192,8882.589787,9753.360241,10116.64652,10150.61626,10981.1766,11375.62039,11734.65563,12325.13657
Ecuador,ECU,5083.469021,5187.934138,5294.740906,5514.179446,5633.175892,5714.026721,5940.552251,6079.388543,5768.535656,5855.634754,6120.931848,6360.97068,6555.373235,7169.973366,7664.289831,8110.479754,8366.130132,8920.477364,8889.192349,9163.157909,9926.952496,10507.60315,10977.61479
"Egypt, Arab Rep.",EGY,3968.76343,4150.488684,4286.201448,4464.842853,4680.822357,4912.687983,5176.808232,5347.748442,5658.914203,5989.310491,6227.083843,6353.091487,6562.784275,6890.57401,7296.873755,7895.432778,8531.189198,9158.895436,9484.708815,9897.243298,10071.20526,10247.60523,10382.93311
El Salvador,SLV,3094.183069,3358.901551,3645.130796,3900.678942,4190.70883,4297.988394,4518.001239,4702.078706,4904.848181,5092.548588,5267.792374,5446.314438,5657.03907,5896.016066,6279.113261,6702.272962,7122.336318,7332.798993,7136.595021,7301.806597,7596.509131,7856.246818,8097.381273
Equatorial Guinea,GNQ,674.7731146,898.4222804,986.3086142,1135.085717,1315.425528,2156.620307,5300.488774,6411.463224,7909.032306,9246.230685,14941.04276,17527.36202,19708.23498,27049.31034,31571.66304,33971.38746,37967.79305,41281.93576,38533.80412,36402.90072,36754.81047,38403.31592,35369.56039
Eritrea,ERI,..,748.7916667,872.4594318,1081.123718,1129.398728,1241.388576,1338.250834,1345.146259,1329.104108,1277.345054,1374.250005,1386.625879,1327.699796,1337.520787,1373.421262,1365.039126,1388.505245,1250.467298,1282.33385,1299.289891,1411.157638,..,..
Estonia,EST,..,..,..,..,6359.719287,6963.684687,8009.878155,8483.605941,8776.274324,9709.531307,10545.96854,11805.4692,13236.06063,14668.35755,16560.50223,19311.06844,21838.61604,22508.92841,20212.65379,21098.57229,23954.86597,25253.50293,26203.80513
Ethiopia,ETH,390.5334758,351.9444123,393.3792814,400.4256014,419.6461615,465.4488021,473.6835829,448.8913701,465.6063997,490.7276557,528.0815436,528.859882,512.8753943,581.8370686,653.1160506,725.9606023,808.5189863,889.2679648,949.4938973,1053.796725,1165.216838,1256.104394,1374.435117
Faeroe Islands,FRO,..,..,..,..,..,..,..,..,..,..,..,..,..,..,..,..,..,..,..,..,..,..,..
Fiji,FJI,4017.793599,4306.968121,4440.796707,4700.352128,4855.989613,5122.655741,5041.844671,5114.724898,5606.685636,5603.92492,5824.782103,6092.40994,6268.84914,6768.279872,7005.299876,7304.77115,7370.011223,7515.86589,7392.165401,7630.988846,7486.761437,7685.242616,8158.087071
Finland,FIN,17333.43526,17043.10718,17236.82277,18218.39988,19307.01064,19837.94175,21589.11298,23279.10622,24501.77991,26472.83176,27535.29447,28421.23989,28813.29215,31092.61111,32065.17072,34523.70751,37508.91907,39729.64854,37546.51349,38296.50631,40251.37351,40209.31735,40016.93806
France,FRA,18282.90173,18904.55628,19152.59867,19944.57246,20710.14921,21309.80952,22237.03525,23332.73497,24249.71166,25979.11765,27420.95902,28503.56674,28090.64871,29035.96743,30375.56068,32287.07797,34037.85368,35141.83794,34808.58978,35866.5388,37325.30434,37255.70065,37591.68934
French Polynesia,PYF,..,..,..,..,..,..,..,..,..,..,..,..,..,..,..,..,..,..,..,..,..,..,..
Gabon,GAB,13234.65246,12774.02402,13241.36292,13663.99036,14267.7758,14670.98976,15378.9011,15685.00822,14149.14699,13862.71587,14149.49204,14011.25771,14291.42417,14462.72326,15169.80745,14734.50163,15750.31693,15225.64877,14819.08067,16004.05452,17100.70052,17910.82542,18773.73332
"Gambia, The",GMB,1008.621499,1033.581901,1059.133343,1053.734893,1055.54805,1068.544679,1108.775333,1127.792876,1183.6934,1239.855958,1301.171384,1238.551906,1307.373364,1392.26687,1378.258454,1391.004938,1432.975326,1495.875865,1553.394438,1621.431601,1532.494002,1598.444324,1645.399358
Georgia,GEO,4195.469726,2346.158473,1685.197995,1557.772103,1675.587239,1945.725928,2227.986155,2345.017491,2468.360724,2590.838662,2797.417359,3016.053176,3438.540249,3749.215831,4199.430341,4695.197117,5426.997784,5667.44192,5461.107744,5818.19414,6322.499298,6822.698491,7159.824631
Germany,DEU,20544.48353,21254.3903,21411.00584,22325.87922,23120.7936,23679.71171,24202.36443,24883.64461,25798.2799,26637.62026,27718.40373,28435.90138,29359.54071,30703.15628,32184.05523,34711.88608,36781.50256,38438.74115,37124.76015,39612.15688,42142.5489,43600.94587,44064.46477
Ghana,GHA,1312.519502,1355.869037,1415.586491,1453.926485,1506.415308,1566.363957,1622.291798,1678.718097,1739.193885,1801.414609,1869.605841,1934.169986,2022.458663,2138.098453,2277.11343,2433.306078,2539.986328,2754.883755,2837.014241,3021.484976,3430.857389,3724.930453,3960.766733
Greece,GRC,14051.00148,14313.39985,14287.68245,14760.16666,15266.70741,15901.31416,16889.79256,17454.06156,18062.4994,19146.27654,20724.23871,22549.57925,23609.19384,25201.01169,25154.47448,28016.78349,29008.05968,30859.01413,30442.55878,28878.04447,26582.62047,25069.0515,25378.41174
Greenland,GRL,..,..,..,..,..,..,..,..,..,..,..,..,..,..,..,..,..,..,..,..,..,..,..
Grenada,GRD,5107.30802,5168.275017,5093.872224,5286.308797,5484.790123,5780.213528,6130.094131,6590.463153,7355.209074,7649.969852,7648.712646,8013.328617,8922.9369,9083.55537,10589.96274,10445.51907,11347.02427,11640.41684,10914.85847,10951.88425,11221.36239,11247.383,11636.4919
Guam,GUM,..,..,..,..,..,..,..,..,..,..,..,..,..,..,..,..,..,..,..,..,..,..,..
Guatemala,GTM,3485.555276,3646.533155,3785.091987,3923.526116,4101.740322,4196.849658,4348.637438,4505.504977,4637.179211,4796.211425,4899.197281,5042.345745,5146.756607,5326.0406,5544.964403,5885.93528,6280.309403,6468.713814,6410.638144,6532.758038,6798.843188,6978.297245,7193.421356
Guinea,GIN,730.7851621,727.9567748,738.6505341,744.6864123,762.2106142,784.6316346,818.6006554,840.863357,870.9270816,897.2866291,934.6752314,980.677489,994.4690338,1025.484863,1067.176894,1101.311518,1121.685385,1168.519104,1142.493636,1147.084986,1183.855846,1218.986412,1231.714473
Guinea-Bissau,GNB,1034.10822,1045.584201,1068.756602,1101.655015,1148.497309,1276.868552,1353.409145,962.6656312,966.4853198,1020.155932,1043.872598,1027.49239,1031.871767,1066.618771,1123.596734,1159.64129,1202.318371,1237.680137,1259.737969,1301.191182,1413.946945,1373.44593,1364.652916
Guyana,GUY,2080.55673,2294.255502,2533.690176,2795.269604,2981.573096,3259.655026,3504.325349,3465.484095,3608.950417,3630.30542,3791.752077,3890.716487,3931.42362,4174.694108,4222.802232,4568.361383,5006.177595,5188.17212,5381.970124,5666.093783,6077.174477,6462.627488,6877.619996
Haiti,HTI,..,..,..,..,..,..,..,1326.831306,1359.443107,1378.790371,1372.49201,1367.549781,1377.75884,1344.571735,1390.705746,1442.973527,1507.278187,1526.153627,1561.374256,1471.648649,1562.304129,1613.343674,1683.633
Honduras,HND,2149.882547,2260.45445,2394.395672,2352.679924,2438.691653,2512.519314,2622.949312,2669.215947,2602.822647,2757.106279,2838.432976,2931.453008,3065.806785,3283.477157,3527.934934,3804.977338,4074.296097,4255.012759,4113.030501,4249.093103,4433.71931,4629.965301,4760.635129
"Hong Kong SAR, China",HKG,18884.68577,20347.89914,21747.05289,23026.00673,23592.43581,23958.75716,25399.20141,23963.60059,24703.12575,26962.69676,27528.18151,28288.2698,29792.93093,33016.92802,36437.58668,39940.92275,43281.02137,44800.23861,43935.69283,47134.56085,50085.95933,51250.48484,53366.70611
Hungary,HUN,8262.155978,8194.757254,8350.910405,8792.006229,9121.762887,9407.937281,10055.27047,10776.07437,11237.67654,12088.60281,13643.23408,14918.39832,15639.77066,16466.36238,17314.47611,18664.19344,19339.12304,20810.7852,20867.23622,21561.82142,22603.20272,22556.31304,23507.27996
Iceland,ISL,22249.38552,21714.18178,22294.94105,23387.50712,23773.82115,24741.68266,26664.85945,28376.92273,29218.77568,29608.23669,31255.56303,31976.22747,31723.73577,34958.47261,35881.01506,36751.44848,38708.15114,41366.67099,39925.05006,38588.69894,39557.93565,40498.05918,41986.28218
India,IND,1172.563612,1239.995548,1303.896725,1393.002443,1500.681341,1612.534898,1674.869744,1764.878225,1915.390649,1998.488658,2105.841013,2182.244557,2361.334849,2576.537621,2860.885701,3172.707329,3523.039292,3677.719747,3963.226632,4362.848598,4685.863732,4948.330392,5301.793951
Indonesia,IDN,3201.042878,3451.569187,3728.251852,4029.94209,4391.088785,4741.509217,4976.45619,4308.541085,4347.999318,4601.849359,4812.061278,5037.167516,5311.400764,5655.993914,6088.879231,6534.27416,7040.66979,7511.417369,7815.70713,8294.05435,8870.284189,9449.35148,9995.032319
"Iran, Islamic Rep.",IRN,7508.874979,7818.409534,7795.259816,7735.27184,7976.634485,8498.849499,8603.933181,8712.140303,8860.448528,9435.981839,9739.503969,10548.37795,11547.40372,12236.62544,13011.73786,14016.40034,15526.55584,15798.96459,16100.89151,17163.07927,17949.24442,16846.03356,16553.84548
Iraq,IRQ,2691.915566,3548.713757,4595.895782,4729.199334,4781.224506,5239.797908,6261.992841,8274.354902,9581.242071,9647.867025,9810.552687,9019.144263,5989.182462,9237.933315,9697.903736,10733.44505,10893.2098,11715.84706,11875.01418,12417.76967,13226.94139,14886.54296,15624.47821
Ireland,IRL,14032.33018,14731.1761,15410.5426,16578.89443,18460.37565,19994.73117,22108.5443,24515.77028,26530.67953,29620.05523,31766.03944,34440.58422,36019.91107,38154.91692,40446.92367,43991.30966,46740.48125,43902.12233,41879.87562,43219.75371,45673.5345,45789.50023,46893.97416
Isle of Man,IMY,..,..,..,..,..,..,..,..,..,..,..,..,..,..,..,..,..,..,..,..,..,..,..
Israel,ISR,13863.60289,14660.85738,15177.31382,16173.72938,19734.83038,20691.31296,21422.36522,22015.28616,22604.38227,24890.11298,24934.29933,25218.39625,23782.01635,25226.11895,24885.21849,25759.88322,27645.59107,27516.22992,27576.48784,28937.21081,30574.25236,31924.5101,32698.73752
Italy,ITA,19187.86783,19775.53175,20061.10451,20924.47341,21977.20067,22676.30969,23460.905,24681.81524,25168.37802,26657.91776,28251.28079,27910.20385,28471.57685,28791.66487,29666.3693,31988.08739,33731.17416,35187.76055,34170.15862,34716.10106,35901.25988,35514.80861,35019.01964
Jamaica,JAM,5137.343042,5319.614006,5915.161065,6077.365609,6298.710092,6330.025682,6304.288725,6168.647111,6285.619237,6447.320491,6641.47013,6852.607695,7219.435994,7489.179444,7771.348676,8212.997428,8521.989608,8595.876228,8248.702011,8196.27943,8481.245974,8556.15126,8708.935824
Japan,JPN,20466.66665,21052.32192,21536.84468,22109.66717,22921.5338,23888.60614,24626.37905,24328.80675,24606.92071,25938.19521,26559.54185,27241.10303,27941.17394,29377.34344,30441.34808,31790.65016,33313.86035,33495.17807,31857.36506,33740.52719,34315.79841,35598.08561,36223.34067
Jordan,JOR,4291.585241,4946.68973,5064.296879,5222.607829,5480.206968,5525.398754,5649.353327,5727.11371,5863.914922,6099.147452,6406.708627,6716.572923,6961.63327,7580.592308,8274.029276,9010.299627,9785.406322,10467.82237,10882.32749,11028.39929,11292.20029,11543.80938,11782.4671
Kazakhstan,KAZ,7518.470064,7287.34721,6819.426934,6175.977178,5890.106394,6119.608267,6430.967985,6488.278805,6830.184028,7693.283063,8946.068689,9973.163929,11080.69516,12391.96567,13907.22051,15701.32881,17354.15573,18057.15026,17933.55327,19204.58423,20772.06612,21891.72608,23213.88128
Kenya,KEN,1557.277993,1529.81504,1523.360966,1549.731759,1605.603975,1657.716687,1651.440248,1682.157691,1704.797461,1710.876774,1770.558985,1761.750776,1802.214527,1896.195018,2019.359786,2158.893935,2306.86625,2296.312423,2327.843369,2487.224552,2622.730169,2717.735498,2838.379073
Kiribati,KIR,895.1154284,931.079946,974.0042071,1030.478399,1027.650888,1093.808748,1155.712035,1274.83025,1274.198654,1402.786616,1420.409966,1425.883255,1486.565004,1547.129531,1563.328575,1507.245213,1628.200741,1669.004085,1635.130871,1613.41845,1659.293952,1704.655034,1749.908492
"Korea, Dem. Rep.",PRK,..,..,..,..,..,..,..,..,..,..,..,..,..,..,..,..,..,..,..,..,..,..,..
"Korea, Rep.",KOR,9665.348609,10347.51044,11150.36721,12262.56933,13499.77958,14594.30238,15553.54924,14717.37328,16428.84666,18091.48546,19198.49727,20784.9456,21389.24428,22967.81263,24219.78886,25863.21523,27872.08428,28718.04481,28392.75006,30465.25361,31327.1269,32021.74059,33089.08003
Kosovo,KSV,..,..,..,..,..,..,..,..,..,3674.105693,4768.233435,4804.231165,5189.535085,5467.806966,5980.178577,6389.937567,6981.655189,7248.427687,7487.155599,7766.781541,8222.594135,8537.386427,8899.024092
Kuwait,KWT,..,..,..,..,58117.76583,59505.03751,60242.10005,60267.03206,57276.44483,58904.02452,58839.07136,59961.95117,69909.19638,76978.40709,83703.23667,87875.56333,90003.76351,88250.00289,77582.1493,72204.3813,76308.59071,78456.30656,76638.23736
Kyrgyz Republic,KGZ,2103.672424,1831.53856,1584.779174,1293.884351,1236.819912,1328.807047,1464.048394,1488.331305,1543.245479,1644.311973,1754.55434,1764.905162,1906.55626,2071.417491,2110.377936,2218.727934,2448.899199,2681.122187,2746.102655,2733.729337,2920.60321,2921.359034,3223.895297
Lao PDR,LAO,1097.211362,1151.577491,1214.989029,1307.845816,1395.143721,1485.841827,1582.512635,1632.110895,1747.329764,1860.048897,1981.509346,2100.940035,2241.60776,2415.095051,2629.958674,2897.091447,3145.830044,3397.996027,3616.215917,3904.357151,4233.381248,4578.841108,4958.806357
Latvia,LVA,..,..,..,..,5967.268722,6169.925577,6836.767946,7505.767628,7659.735795,8166.131395,9027.645265,10228.05125,11341.41785,12514.68814,14119.17269,16615.02375,19023.63135,19874.64187,17038.42341,17397.84493,19450.99843,20788.89432,22047.2871
Lebanon,LBN,7010.305062,7308.497951,7787.987936,8377.196643,8934.299447,9447.680909,9323.719113,9696.799824,9668.010886,9777.094236,10010.07228,10020.6127,10042.12896,10625.45705,10914.54221,11232.46429,12528.16754,13854.83749,15131.64988,15948.45492,16409.25831,16871.07446,17073.90304
Lesotho,LSO,885.6422072,952.5588532,988.0076834,1043.465194,1068.723602,1128.639825,1179.938494,1200.263432,1211.559553,1291.177468,1365.22662,1383.217604,1466.644783,1530.816322,1611.175304,1719.262053,1834.09132,1960.708282,2023.247212,2187.39603,2297.389548,2426.316718,2540.548347
Liberia,LBR,..,..,..,..,..,..,..,461.0350644,531.6851246,663.0650547,673.1113023,692.5550687,484.9723443,501.664453,530.9610917,571.1992315,617.2337093,646.6985008,659.4439242,683.7921258,732.6330069,784.1516437,844.2435796
Libya,LBY,..,..,..,..,..,..,..,..,16730.8571,17435.83155,17224.98889,17039.09332,19322.86512,20397.96471,23154.43219,24962.8054,26753.94741,27525.07035,27135.35654,28583.466,11023.43714,22965.31147,20204.78546
Liechtenstein,LIE,..,..,..,..,..,..,..,..,..,..,..,..,..,..,..,..,..,..,..,..,..,..,..
Lithuania,LTU,..,..,..,..,6187.699554,6642.353479,7308.151584,7994.743062,8016.947703,8697.795726,9661.932169,10732.64606,12314.50314,13255.02982,14681.95029,16739.25679,19279.06559,20796.78944,18283.83045,20071.11004,22541.69364,24098.76771,25719.61038
Luxembourg,LUX,35579.30847,36563.54933,38485.79547,40254.67718,41101.38325,42444.72908,43062.30708,45589.98245,51751.80606,56608.42359,56220.51726,59409.44811,60920.96269,65465.14516,67081.07838,77349.01067,82854.49595,85015.60509,80331.75834,84531.41925,91073.32208,91351.17339,93566.63095
"Macao SAR, China",MAC,24937.6063,28262.35308,29866.88141,31266.62227,32419.62948,32329.95828,32243.57187,30590.89523,29840.65309,31776.87971,32971.71693,35958.65177,40689.23869,52141.75366,57231.35262,65868.16654,75225.73649,77074.27323,76848.73606,96725.42001,117101.0242,127543.9766,140644.3953
"Macedonia, FYR",MKD,5178.109642,4977.041057,4743.920029,4781.008162,4832.793041,4967.236827,5096.267157,5316.339665,5561.170739,6244.558459,6285.024769,6378.591016,6683.535419,7217.966556,8210.639309,9160.819903,9672.575637,10791.19936,11308.99312,11670.28715,11641.24517,11874.09721,12468.35744
Madagascar,MDG,1008.346119,1012.452528,1026.470611,1015.760282,1022.338465,1030.426049,1052.90098,1071.701392,1103.537993,1146.177794,1205.262299,1036.723372,1126.581534,1182.875723,1240.334971,1304.444605,1382.710545,1468.210299,1380.565922,1362.298772,1371.648575,1398.870837,1411.898057
Malawi,MWI,385.9386643,362.8166445,406.8309056,371.8691822,438.7470346,470.630699,484.5566613,494.2915842,501.9657619,507.0049444,479.9574666,483.1276789,506.8890406,532.1373674,549.7818668,562.2785506,613.9578894,658.3859934,701.9055847,734.3087696,758.5815996,763.0283435,790.0259879
Malaysia,MYS,7442.426154,8074.846833,8856.222352,9630.909065,10527.54844,11494.98732,12233.00812,11173.91226,11757.01924,12797.95133,12882.23153,13513.3968,14306.62368,15410.5269,16453.10158,17587.35498,18856.97623,19809.92335,19328.75823,20675.01874,21866.34075,23114.02791,24194.46994
Maldives,MDV,..,..,..,..,..,..,..,..,..,..,5652.745274,5966.446285,6788.425915,7754.514654,7110.252934,8523.747433,9250.395765,10227.66861,9791.464987,10301.70576,11126.9456,11368.23352,11833.97026
Mali,MLI,799.721437,772.1648636,794.1497164,819.0888399,821.3746931,871.8328034,905.1703527,958.1875703,1000.372573,961.8157314,1068.511149,1098.243876,1168.991017,1190.171095,1262.659533,1325.690525,1373.104881,1421.785351,1448.53239,1503.128065,1528.400301,1510.598605,1514.197268
Malta,MLT,11891.00785,12608.06391,13359.06347,14287.55101,15406.28634,14666.2019,15562.6346,16269.24013,17029.11217,19050.88265,18260.28661,19328.89629,19721.91786,19948.26095,21018.84512,22291.33607,23620.87828,25462.06444,25836.97042,26671.46656,28177.54023,28276.19825,29126.82662
Marshall Islands,MHL,1969.911376,2119.303219,2269.25794,2428.299929,2659.254951,2411.002725,2280.889814,2230.357554,2203.669977,2382.690761,2566.563246,2675.31179,2735.712088,2811.590872,2982.787608,3132.239281,3332.168559,3327.903832,3267.716949,3436.516199,3505.269694,3660.115758,3792.793372
Mauritania,MRT,1851.600755,1875.694617,1975.920687,1900.504599,2069.29557,2164.921917,2051.12542,2068.137923,2194.332598,2167.342972,2192.467382,2172.434334,2277.160223,2401.438156,2624.641933,3128.768302,3216.691402,3231.453879,3141.67226,3248.841916,3375.046539,3550.252127,3713.640706
Mauritius,MUS,5221.624776,5614.119594,5968.61416,6259.504875,6606.986085,7031.245842,7464.28304,7919.628135,8146.528431,8995.164074,9362.664928,9640.13484,10118.4312,10925.29949,11349.42609,12103.32934,13097.56106,14039.59865,14538.87851,15283.45255,16179.29153,16949.70779,17713.6564
Mexico,MEX,6353.264733,6600.661917,8442.985549,8853.972819,7978.607672,8348.034326,8926.804062,9265.632021,9710.504262,10318.53031,10301.6213,10348.61558,10588.34329,11198.54857,12070.89609,13144.18104,13712.89813,14272.19514,13906.0077,14582.73445,15729.6434,16116.5826,16155.98112
"Micronesia, Fed. Sts.",FSM,1932.813794,2003.148916,2163.881109,2154.180074,2322.074494,2274.273651,2169.601209,2263.602896,2339.295593,2510.505151,2618.918312,2679.749903,2787.440989,2777.808993,2939.534421,3039.720826,3073.794899,3071.641995,3140.10039,3269.641343,3410.284084,3489.742509,3408.949573
Moldova,MDA,3604.818819,2612.666949,2646.301472,1872.568857,1893.017069,1831.003598,1899.149726,1795.70126,1763.960688,1845.735739,2007.438068,2202.332871,2401.253338,2656.673991,2954.646021,3200.438226,3394.270412,3736.68859,3544.025744,3845.635588,4179.214809,4225.015661,4692.159218
Monaco,MCO,..,..,..,..,..,..,..,..,..,..,..,..,..,..,..,..,..,..,..,..,..,..,..
Mongolia,MNG,3076.084463,2822.418429,2773.653954,2871.205088,3094.18548,3195.322617,3349.008646,3468.876894,3598.663343,3689.700412,3849.422652,4053.677655,4378.350592,4921.782863,5384.32093,5949.15142,6644.318275,7274.126952,7128.216004,7552.646083,8889.345538,9985.444695,11113.1579
Montenegro,MNE,..,..,..,..,..,..,..,..,..,6614.720306,6812.417507,7020.229388,7309.985813,7827.58979,8405.780498,10529.07042,12484.42351,13919.9374,13131.93142,13430.27241,14215.54372,13729.6616,14286.0374
Morocco,MAR,2773.251854,2705.094702,2694.669088,3018.242635,2841.783942,3235.637812,3180.817026,3427.264676,3455.713374,3549.436669,3862.089193,4009.490892,4304.019179,4588.120777,4826.754869,5304.833,5533.272323,5909.276762,6133.760046,6365.185157,6746.899456,6976.688219,7310.49447
Mozambique,MOZ,256.0628558,239.7393762,256.629205,267.598162,269.6375678,337.7048597,370.298009,407.9615172,435.1325441,440.3525845,493.4222085,529.3821578,558.3079979,600.5492643,654.6779387,720.4239655,772.4257715,818.4804732,852.8593034,895.4996639,951.8253639,1009.756759,1067.530399
Myanmar,MMR,..,..,..,..,..,..,..,..,..,..,..,..,..,..,..,..,..,..,..,..,..,..,..
Namibia,NAM,3986.485238,4233.240295,4140.255599,4177.359561,4301.158348,4383.932086,4507.708432,4571.850609,4675.756894,4843.200509,4926.136342,5169.677042,5433.093625,6197.917681,6480.580233,7058.51356,7617.350335,7849.99947,7797.928202,8212.329315,8625.717922,9017.95715,9445.728001
Nepal,NPL,829.4093747,859.5486818,889.2631812,957.0449111,985.7758438,1032.558714,1078.980654,1100.43409,1144.131152,1220.46425,1286.472736,1287.734432,1345.907258,1428.757638,1507.568314,1588.265153,1668.740402,1787.40582,1863.683463,1956.465866,2042.140687,2152.746219,2247.695123
Netherlands,NLD,19757.79756,20398.13123,20999.18954,21948.39102,22990.51477,24149.2875,25672.53374,27344.93826,28924.93859,31536.50939,32796.13525,33950.39553,33736.5027,35411.43511,37306.30497,40840.80736,43663.59595,46140.34644,44400.70456,44742.98583,46388.29359,46378.78463,46736.98957
New Caledonia,NCL,..,..,..,..,..,..,..,..,..,..,..,..,..,..,..,..,..,..,..,..,..,..,..
New Zealand,NZL,14458.74633,14843.41746,15838.17875,16974.64984,17756.72349,18296.06881,19027.22878,19277.85138,20579.39569,21567.59449,22545.7029,23335.65249,23990.90796,25089.42267,25753.78925,27669.14581,29183.12747,29559.11216,30497.97545,31028.14871,32283.02948,..,..
Nicaragua,NIC,1969.15902,1977.713428,1973.426092,2039.315502,2161.182502,2296.167271,2384.55006,2457.29386,2627.258774,2754.333029,2858.455735,2884.081321,2975.956174,3178.479407,3376.965428,3578.083694,3817.18636,3951.247179,3822.164428,3942.822619,4223.427239,4466.619788,4682.973533
Niger,NER,600.4893198,555.5550075,557.8435728,572.4323825,578.9229807,588.2929776,593.0051071,638.2062358,621.1404083,603.8282498,637.7278176,642.9859659,665.7174887,659.9820675,686.036867,720.859443,735.3715889,791.3179015,761.9909234,804.0510285,807.1930209,882.8452641,900.1511357
Nigeria,NGA,1960.765534,1963.962333,2001.920405,2012.245199,1997.435084,2082.834321,2124.145911,2151.04799,2140.016553,2247.88503,2340.745918,2404.958884,2638.800223,3534.047139,3676.7075,3994.771889,4266.961628,4502.205379,4723.091456,5019.186061,5230.598854,5404.837704,5628.190588
Northern Mariana Islands,MNP,..,..,..,..,..,..,..,..,..,..,..,..,..,..,..,..,..,..,..,..,..,..,..
Norway,NOR,19345.90136,20391.68505,21344.0195,22782.23988,24102.95748,26600.44938,28495.79485,27951.86221,30407.96537,36799.33656,37779.92376,37732.9446,38992.35209,43193.78869,48356.51304,54723.67047,56862.8393,62431.58187,56185.37711,58772.36471,62736.68047,66363.37225,65640.16265
Oman,OMN,23768.53747,25190.11575,26205.02123,26847.86677,28090.36251,29103.88902,31277.74285,32491.62227,32939.40047,35287.85725,37159.86152,36501.43315,35295.65305,35787.69386,36972.72365,39424.79603,41618.14063,44900.79057,46098.88797,45884.95858,42479.20132,41925.71314,40121.67446
Pakistan,PAK,2086.240033,2237.910047,2272.163875,2347.141383,2452.747801,2554.032195,2559.982362,2590.075423,2662.543374,2775.632634,2833.043366,2907.758182,3046.543167,3293.506342,3586.417778,3845.526136,4054.641798,4118.690108,4179.734024,4209.69803,4322.534383,4458.871969,4623.882648
Palau,PLW,10609.57673,9886.621162,8631.922634,9200.237547,10144.23082,11120.11855,11297.32465,11396.16431,10740.50305,10220.03673,10872.6421,11722.78725,11324.54281,12389.63489,13039.07664,13122.1911,13407.98407,12961.38044,11589.77916,11867.72823,13033.65817,13773.54316,13587.73017
Panama,PAN,5375.261249,5827.599719,6164.459895,6344.242797,6456.665182,6622.140868,7025.135094,7469.178887,7724.50678,7957.909645,8031.835342,8183.562061,8540.856811,9267.687731,10072.49628,11069.54181,12519.06377,13692.1616,14099.71583,14852.12786,16511.05477,18223.95396,19714.22496
Papua New Guinea,PNG,1146.791506,1302.527618,1537.101366,1621.320665,1559.658193,1666.985262,1587.082549,1503.736501,1514.921817,1472.173297,1466.036245,1449.254175,1473.066392,1516.942886,1624.923129,1672.269239,1795.976583,1906.657151,1992.353002,2122.70745,2345.065877,2524.800689,2647.334928
Paraguay,PRY,4066.453389,4125.37911,4325.498383,4543.123153,4840.225631,4893.255335,5073.927266,5022.597514,4925.629615,4822.976061,4797.718424,4780.154483,4996.040368,5251.988258,5448.981171,5799.017847,6188.423416,6621.203833,6322.524743,7142.057039,7504.677492,7443.750564,8499.795776
Peru,PER,3521.614636,3510.903038,3709.950653,4176.852643,4500.091064,4632.967208,4939.388915,4899.951623,4977.885009,5156.994988,5237.084348,5535.791234,5807.913991,6186.467399,6703.975828,7339.91054,8078.057703,8879.969878,8929.207139,9677.900326,10378.57187,11045.49351,11699.17588
Philippines,PHL,2597.1972,2601.111392,2655.056833,2764.781316,2886.996021,3041.788005,3182.757832,3129.606237,3205.48391,3350.700952,3452.161429,3557.433998,3731.717535,4012.576024,4261.722997,4546.350973,4899.392332,5126.222731,5147.801513,5524.15441,5754.112442,6150.241307,6575.814038
Poland,POL,5746.951689,6007.326746,6363.95939,6828.965709,7445.928277,8074.558678,8805.237898,9393.293757,9920.359495,10610.72963,10964.63311,11592.28033,12043.85167,13053.01856,13806.82848,15153.01523,16892.04025,18046.15159,19145.63185,20868.66189,22520.0128,23339.61007,23902.85061
Portugal,PRT,12104.29727,12524.84061,12545.45647,12901.30434,13686.98658,14196.57072,15058.96532,15812.33578,16806.08157,17852.14538,18584.45794,19331.7294,19821.87766,20303.04807,22072.65075,23887.03544,25224.09588,26095.78141,26217.25382,26924.43523,26932.40813,27000.40092,27651.23881
Puerto Rico,PRI,16904.06152,17875.48226,18846.33021,19828.9849,20873.76126,21625.842,22480.17061,24118.00933,24868.2537,25747.50944,28866.16895,29790.59698,30727.86275,32122.19033,33392.4209,34256.91035,34198.68848,34443.78037,34071.24489,33756.79779,34121.07729,34183.14202,34937.67807
Qatar,QAT,..,..,..,..,..,..,..,..,..,86725.54203,89116.28958,93823.40513,94236.60383,105356.4511,102253.0499,112591.9241,114340.4684,116435.5226,114656.7792,125088.006,134117.4309,135359.458,137813.454
Romania,ROM,4712.424806,4437.187722,4618.493217,4909.37403,5380.39289,5731.492045,5502.169774,5319.467189,5429.231565,5727.831043,6507.801671,7090.246285,7798.561926,8914.197602,9575.027097,11427.04717,13243.30975,15989.69535,15820.37678,16568.39809,17624.5218,18420.16043,19167.05725
Russian Federation,RUS,7844.086114,6854.085483,6416.169193,5736.160138,5611.658378,5515.985165,5697.319623,5460.351629,5914.300411,6825.410456,7367.611719,8029.122652,9253.576492,10231.42645,11822.3709,14916.1829,16648.59111,20163.61168,19386.58953,20497.95879,22569.81427,24063.42668,25032.94989
Rwanda,RWA,568.3805979,648.3438443,649.8877051,346.9750253,485.7220915,540.7160882,586.83326,596.171408,605.0001059,633.7507518,678.4020688,762.6580987,775.7606251,838.7034648,907.1073812,996.6718639,1072.052347,1181.54477,1230.524243,1301.696952,1397.224691,1509.98351,1566.512695
Samoa,WSM,2363.041443,2390.294703,2522.543504,2487.233499,2686.720823,2913.028566,2966.103413,3050.143948,3150.312862,3428.034359,3729.122244,3927.916547,4161.573261,4445.820741,4749.483662,4960.243776,5379.576046,5504.147818,5243.269337,5294.641068,5671.137156,5753.280236,5681.443234
San Marino,SMR,..,..,..,..,..,..,..,..,..,..,..,..,..,..,..,..,..,..,..,..,..,..,..
Sao Tome and Principe,STP,..,..,..,..,..,..,..,..,..,..,1704.73003,1733.871991,1842.559926,1921.468706,2076.636151,2284.270557,2368.718194,2556.498155,2621.650233,2712.781694,2839.895903,2958.528753,3061.376498
Saudi Arabia,SAU,24945.54538,25915.73931,25809.41717,25836.72981,25755.39033,26443.08106,26926.71553,27311.37864,26829.62029,28013.20959,28002.60433,27639.68947,29453.78144,32105.37336,34552.3445,36601.90395,38814.51442,41853.09966,41897.8915,43351.76769,47474.04338,49706.65218,50585.13856
Senegal,SEN,1237.633735,1242.895595,1250.91442,1240.993958,1298.721055,1314.527237,1345.127227,1405.610031,1481.470445,1524.945573,1589.634168,1582.170105,1675.781942,1774.129398,1882.345852,1934.80735,2028.538474,2086.197658,2092.756129,2142.948291,2159.022888,2223.250745,2265.614967
Serbia,SRB,..,..,..,..,4920.740481,5137.230673,5616.271597,5837.301644,5225.629114,5777.664948,6215.045644,6762.55899,7220.673261,8109.301747,8860.55613,9895.795212,10453.59338,11892.81897,11806.1507,11805.28352,12571.89036,12805.7272,13019.85119
Seychelles,SYC,9584.477895,10372.76249,11114.13702,11075.09091,11007.40118,11588.24516,13042.48753,14015.1486,14214.05312,14626.49453,14607.2728,14563.38356,14131.2735,14157.2571,15851.9213,17516.58937,19755.04077,19275.49313,19131.59757,19951.64276,22556.41933,24110.49209,25626.7983
Sierra Leone,SLE,936.5439965,779.0702322,815.8980501,824.5160534,778.5651037,807.6826392,771.1294831,786.2518699,768.5483177,815.2261642,745.0070573,911.529949,967.5844416,1009.602241,1044.185261,1098.493294,1185.173938,1243.519034,1264.19271,1318.010904,1374.579145,1577.633256,1893.449729
Singapore,SGP,23764.23391,25258.44354,28122.16176,30875.44257,32724.81387,34404.87971,36644.23358,35007.68945,37409.80057,40949.54556,40380.13542,42338.01555,45768.27628,50875.74947,55134.20785,59957.25326,64421.36385,63394.30587,61603.79366,70598.32005,74949.06837,76988.0982,80295.02799
Sint Maarten (Dutch part),SXM,..,..,..,..,..,..,..,..,..,..,..,..,..,..,..,..,..,..,..,..,36327.2319,..,..
Slovak Republic,SVK,..,6996.912361,7285.106995,7870.751693,8479.594224,9213.720416,9962.994095,10512.6945,10568.6007,11161.43353,12233.69352,13136.80796,13904.84129,14992.64613,16525.50041,18822.38425,21441.4676,23844.9745,23179.73796,24498.79315,25167.45953,25802.28598,26583.72109
Slovenia,SVN,..,..,..,..,13242.70798,14047.43912,15074.95949,15956.80534,16997.60107,17882.38473,18792.17167,20127.96596,20943.59488,22695.53254,23887.77928,25885.30964,27680.60928,29598.13142,27515.12423,27588.67891,28513.47483,28436.00313,28669.79778
Solomon Islands,SLB,1233.775496,1382.307907,1430.268921,1550.428433,1665.309821,1675.351577,1633.417899,1634.849154,1607.280038,1371.662572,1256.852442,1208.018933,1278.507124,1343.430957,1426.119018,1534.731167,1651.874965,1763.154933,1655.210388,1752.11988,1976.4069,2061.50596,2110.996436
Somalia,SOM,..,..,..,..,..,..,..,..,..,..,..,..,..,..,..,..,..,..,..,..,..,..,..
South Africa,ZAF,6711.184613,6578.769346,6675.905218,6887.386367,7093.940976,7368.258119,7515.276635,7457.411027,7568.321317,7868.306617,8097.480791,8406.854806,8716.234203,9243.441011,9912.534811,10643.23793,11354.90764,11780.58526,11521.3577,11842.41953,12290.89436,12596.68351,12866.67732
South Sudan,SSD,..,..,..,..,..,..,..,..,..,..,..,..,..,..,..,..,..,3591.90892,3637.873769,3717.215638,3461.751039,1818.598395,2001.769409
Spain,ESP,14491.78549,14910.58483,15060.98131,15705.75467,16436.94275,17212.42904,18180.28233,19390.71238,20316.23289,21875.39072,23213.27635,24659.0987,25334.6167,26444.96072,27868.95195,30879.8564,32806.70755,33729.51679,32807.20617,32350.51622,32530.09314,32388.15488,32527.50501
Sri Lanka,LKA,2532.626747,2679.659905,2896.148394,3080.645887,3273.046385,3421.710004,3656.9286,3825.792206,3993.559592,4319.073885,4419.805081,4634.998539,4942.418887,5282.651651,5731.334001,6291.870671,6836.038623,7309.359752,7549.437213,8173.062027,8949.312519,10207.6608,10630.49211
St. Kitts and Nevis,KNA,9331.507642,9867.995852,10687.51955,11351.89504,12105.31347,12900.54858,13868.344,13766.57155,14274.96259,15128.53322,16007.39407,16298.39519,15946.2407,16876.2793,18755.16917,20190.08538,21041.22261,22065.15172,20734.8265,20064.42557,20571.9698,20433.22949,21681.56418
St. Lucia,LCA,5416.725259,5855.069758,6077.614662,6222.794287,6482.103945,6868.223066,6919.580969,7338.35851,7527.686327,7943.225128,7777.637512,7823.298877,8280.926283,9112.1598,9221.608891,10148.48965,10329.89946,10664.83117,10546.44751,10361.81045,10538.22527,10519.5121,10608.0728
St. Martin (French part),MAF,..,..,..,..,..,..,..,..,..,..,..,..,..,..,..,..,..,..,..,..,..,..,..
St. Vincent and the Grenadines,VCT,3756.22823,4079.662463,4350.415102,4386.262506,4825.862953,4979.237022,5245.744902,5523.515967,5762.422399,5989.051042,6224.938967,6710.160292,7356.374948,7857.657456,8298.060978,9194.853112,9274.910635,10082.75499,9937.883086,9715.32926,9871.64874,10188.2436,10513.40698
Sudan,SDN,1221.453106,1290.004375,1337.153885,1336.077848,1401.900597,1467.877466,1603.987846,1644.241771,1673.593193,1769.652859,1873.735559,1968.097677,2101.944562,2180.530388,2351.119436,2591.937508,2883.714026,3080.764727,3116.2031,3175.273943,3478.252239,3871.816344,3974.586757
Suriname,SUR,7128.823548,7147.728936,6671.478443,6916.263092,7017.052922,7111.424675,7516.899441,7593.307851,7537.450123,7621.723237,8092.123255,8533.324408,9200.65497,10293.40751,11049.55551,11732.3214,12533.85276,13159.39724,13502.62589,14216.54879,15119.74355,15710.9059,16246.40499
Swaziland,SWZ,4173.534956,4305.933998,4455.621037,4570.860649,4793.863623,4960.399096,5086.857733,5163.469464,5296.997542,5432.226588,5562.568951,5708.870929,5921.657897,6222.303886,6521.941785,6860.09841,7182.478992,7374.398207,7396.507962,7487.509512,7620.196615,7867.02588,8095.188507
Sweden,SWE,20391.03292,20493.65045,20428.83972,21562.61824,22778.36226,23621.43573,24523.37156,25562.99606,27184.58541,29384.53696,29811.37317,30790.50518,32061.60227,34268.9976,34332.32594,37594.46396,40564.99845,41880.84077,39669.93687,41727.17612,43709.21145,43869.38437,44585.97002
Switzerland,CHE,27062.77129,27364.18203,27726.27854,28448.19203,28986.84711,29704.71328,30943.48678,32000.57312,32558.01319,34509.28864,35372.63055,36376.69245,36415.78497,37771.01457,39152.87342,43377.7759,47409.46492,50438.76295,49919.24323,51321.5097,54550.68937,55857.38465,56896.88852
Syrian Arab Republic,SYR,..,..,..,..,..,..,..,..,..,..,..,..,..,..,..,..,..,..,..,..,..,..,..
Tajikistan,TJK,2205.39966,1570.892231,1322.108976,1046.652123,922.7668036,772.2970851,788.8362811,829.1112331,861.2259553,939.7408345,1041.638857,1150.615839,1277.456613,1418.73141,1530.575698,1653.075401,1790.925666,1928.200978,1972.915225,2080.044377,2229.445742,2385.230274,2541.90826
Tanzania,TZA,971.5474216,966.6302504,968.8990425,973.6778776,999.4805016,1035.289867,1062.550398,1086.756748,1128.546867,1180.742537,1246.881506,1320.61459,1400.30356,1507.797731,1634.893131,1711.3887,1847.864593,1927.688998,1983.222862,2068.488487,2206.910779,2288.209289,2413.331041
Thailand,THA,4767.57748,5221.552865,5739.562307,6278.168547,6866.020783,7310.939821,7151.765069,6600.537112,6926.20699,7314.542194,7650.813673,8153.163182,8819.994762,9545.997831,10194.17569,10977.61174,11850.21509,12272.7398,12257.13618,13309.4192,13654.27246,14859.22989,15438.27983
Timor-Leste,TMP,..,..,..,..,..,..,..,..,..,1119.794896,1304.039134,1196.016892,1147.239337,1143.913856,1233.168557,1178.148409,1325.158607,1516.904332,1697.342272,1847.226269,1965.522007,2075.030217,2106.966198
Togo,TGO,872.3531211,835.7574655,709.202861,813.033387,873.4659212,944.0592358,1070.603905,1030.273089,1044.263236,1032.035726,1011.10993,990.2252184,1031.753887,1053.611318,1070.826742,1117.607504,1142.10215,1158.45847,1175.823679,1204.604894,1255.087825,1317.170706,1368.067384
Tonga,TON,2534.8331,2595.961985,2753.870308,2947.26072,3113.544991,3161.312291,3199.477118,3308.046075,3472.529279,3652.478548,3849.192807,4018.483327,4161.738951,4282.198605,4461.563064,4520.067137,4399.552523,4567.116508,4625.408634,4852.021362,5030.652213,5130.445203,5049.745457
Trinidad and Tobago,TTO,8262.714337,8260.947938,8288.195251,8725.008456,9224.772086,10027.70538,10963.1932,11963.91668,13098.58821,14373.17838,15260.42316,16653.01006,19343.86574,21348.12301,23287.9058,27044.02864,28947.8226,30374.53987,29123.29828,29307.95593,29765.03096,30558.00636,31396.86958
Tunisia,TUN,3861.914323,4172.151489,4323.047555,4444.67661,4555.011363,4897.55038,5180.814961,5417.95368,5758.283691,6104.332147,6414.581479,6532.651669,6911.787787,7474.359539,7906.93778,8493.496777,9216.13558,9696.704957,9960.944129,10330.23644,10218.57874,10723.68164,11086.3013
Turkey,TUR,4557.407362,4861.166161,5292.091134,5029.586139,5417.675515,5830.24419,6288.682006,8723.168483,8311.060006,9323.41624,8747.025156,8784.446032,8914.77382,10281.69457,11512.46579,13034.43717,14036.19041,15181.65865,14655.79096,16154.65858,17873.69844,18196.01332,18788.69824
Turkmenistan,TKM,5174.535024,4373.330406,4419.379857,3638.19747,3370.538986,3593.646617,3187.452013,3404.250299,3977.653215,4241.098422,4476.113968,4508.56571,4699.883635,5017.866807,5791.881963,6550.376989,7381.337378,8528.055686,9004.811438,9828.718148,11360.50215,12683.71929,14003.95435
Turks and Caicos Islands,TCA,..,..,..,..,..,..,..,..,..,..,..,..,..,..,..,..,..,..,..,..,..,..,..
Tuvalu,TUV,1630.012219,1704.81642,1808.186939,2027.703164,1958.091472,1867.489048,2081.817035,2421.244743,2409.52912,2428.779986,2510.860974,2733.428397,2678.136383,2698.809178,2667.085324,2796.861693,3043.63125,3342.866072,3212.379397,3156.748086,3488.248359,3551.292941,3645.083572
Uganda,UGA,527.2986539,539.7919572,579.7280054,610.4473032,673.8229933,726.0164086,753.2620173,775.281079,825.0714212,843.5686037,878.7751789,938.7656153,985.948465,1046.226316,1110.288761,1225.917546,1319.332522,1414.153425,1478.044546,1522.078551,1648.531066,1695.714387,1720.280037
Ukraine,UKR,6403.325229,5897.088957,5175.637159,4093.793048,3698.432273,3419.566006,3404.628912,3406.497525,3484.41102,3812.138111,4300.749281,4639.718772,5219.247196,6057.435666,6468.381721,7202.3367,8025.898666,8417.004142,7257.897526,7685.569632,8281.867126,8468.305667,8614.080338
United Arab Emirates,ARE,73036.99661,73154.27774,71959.87787,74683.88859,77467.24484,79480.46748,83165.26315,80040.2167,79262.38645,84974.89409,83533.55522,82369.68502,85563.63642,87843.70811,84338.35941,82754.28198,75426.79351,69124.39621,59100.38054,56245.47816,57594.12668,61144.86785,64111.46906
United Kingdom,GBR,18282.15907,18640.84989,19513.13163,20506.75438,21106.58706,22444.23191,23847.49086,24585.96783,25263.97765,27448.33647,28814.55746,30085.64992,31178.25523,33091.29734,34623.20514,36908.87725,37507.00122,37775.87739,36373.52688,35855.09061,36590.15937,37607.90595,38742.56478
United States,USA,24405.16481,25492.95165,26464.85251,27776.63553,28782.17502,30068.23092,31572.69023,32949.19776,34620.9289,36449.85512,37273.6181,38166.03784,39677.19835,41921.80976,44307.92058,46437.06712,48061.53766,48401.42734,47001.55535,48374.05646,49781.35749,51456.65873,52980.04363
Uruguay,URY,6756.737119,7404.976473,7725.568927,8402.483355,8392.736112,8958.103932,9820.770507,10309.39232,10210.8809,10204.91446,10018.55847,9383.952934,9654.336694,10421.03573,11553.52941,12376.34403,13501.56642,14705.51664,15391.16953,16736.856,17904.81986,18770.15311,19955.5563
Uzbekistan,UZB,1972.116783,1749.656691,1710.764528,1624.12075,1613.650995,1639.38385,1721.388824,1785.916608,1870.940391,1958.932465,2061.461383,2150.353282,2258.908406,2471.065293,2697.550293,2947.214645,3266.259803,3585.991287,3840.542875,4100.482835,4412.474193,4788.986332,5167.8223
Vanuatu,VUT,1707.707655,1740.393818,1743.822099,1890.238223,1902.529127,1941.222114,2033.554627,2107.082467,2107.761018,2237.584965,2159.381617,2030.384081,2105.441392,2192.447393,2323.459088,2533.85912,2669.742795,2828.478687,2874.87888,2888.349379,2915.239621,2951.05593,2985.642027
"Venezuela, RB",VEN,10344.90511,10969.88237,11015.79291,10751.88241,11172.37216,11122.95856,11795.16548,11725.96219,10981.35382,11427.40708,11862.25794,10779.40287,9961.91036,11897.38283,13317.17856,14830.9158,16289.44133,17208.19337,16523.93967,16228.34081,17001.91324,18019.60101,18275.51658
Vietnam,VNM,1042.925829,1138.479682,1238.057068,1353.236896,1488.646044,1631.092576,1766.479257,1859.814947,1948.959234,2100.243076,2252.422657,2403.517497,2590.294311,2828.047516,3102.936693,3383.69504,3681.316118,3924.101329,4123.425804,4395.510163,4716.9762,5000.509451,5294.358927
Virgin Islands (U.S.),VIR,..,..,..,..,..,..,..,..,..,..,..,..,..,..,..,..,..,..,..,..,..,..,..
West Bank and Gaza,WBG,..,..,..,1944.337348,2033.076904,2123.406419,2561.083663,3178.00708,3710.393304,3333.562181,3110.108219,3032.859472,3292.855384,3591.063715,4012.203009,3848.013437,3782.439748,3423.596339,4053.048933,4078.495891,4358.655078,4921.193372,4646.257632
"Yemen, Rep.",YEM,2291.115168,2406.68663,2433.377771,2528.064886,2614.019272,2685.101571,2783.385743,2897.508725,2969.209344,3135.572383,3236.074869,3319.70306,3414.526086,3545.744394,3756.53213,3883.045238,4004.21835,4128.411821,4212.586493,4286.404038,3616.243909,3673.873373,3784.637642
Zambia,ZMB,1507.337848,1476.928795,1574.98708,1433.230007,1467.236769,1545.374679,1588.087284,1555.994425,1609.185645,1665.374508,1748.302022,1808.710452,1923.508794,2061.332966,2221.372653,2403.156107,2598.225633,2773.301445,2963.155989,3210.864332,3381.356194,3563.652372,3743.237464
Zimbabwe,ZWE,1734.321973,1576.340263,1596.508187,1746.875305,1754.583814,1939.428299,1994.899482,2046.412765,2036.210228,1998.49185,2056.351718,1889.113103,1588.96694,1526.647718,1472.435072,1449.120124,1415.027698,1170.461903,1229.382424,1360.876026,1523.621784,1678.353543,1740.008331
Arab World,ARB,6394.15043,6756.120244,6997.773433,7189.599007,7318.10068,7643.995902,7974.935532,8349.602362,8590.75496,9006.1766,9245.852627,9322.29907,9623.279279,10599.24761,11340.40183,12214.36109,12926.61313,13680.58637,13728.15561,14213.69956,14579.14701,15451.79667,15779.42241
Caribbean small states,CSS,6162.219293,6272.220183,6565.193405,6830.64592,7118.826511,7420.755815,7726.48811,7955.842422,8348.112145,8804.831508,9153.933412,9628.137553,10445.6766,11169.9117,11894.9839,13092.49597,13818.9758,14236.20767,13752.70427,13853.60324,14221.76962,14567.90182,14919.12087
East Asia & Pacific (all income levels),EAS,3410.067465,3632.88013,3883.20937,4163.978681,4465.092963,4770.438068,5027.681456,5010.09183,5246.342807,5631.066057,5926.763335,6290.595154,6700.947847,7275.246875,7906.457933,8680.901857,9609.057238,10222.8645,10606.26463,11533.09645,12398.90926,13242.74987,14050.18212
East Asia & Pacific (developing only),EAP,1562.315695,1741.134998,1946.82965,2168.178344,2396.849881,2622.270841,2812.877709,2834.532531,3012.020283,3271.556956,3527.528666,3819.507668,4189.300132,4638.852494,5194.098978,5863.637582,6677.894443,7313.936929,7849.326034,8647.119604,9485.823983,10294.05088,11102.80276
Euro area,EMU,17759.35437,18336.49319,18572.53966,19382.36228,20228.97789,20893.52649,21748.8767,22763.07416,23628.57951,25063.4587,26330.50634,27176.1756,27670.61061,28741.69043,30036.50318,32519.62529,34443.30313,35831.54592,34883.75902,35883.43486,37277.8422,37539.57731,37765.90446
Europe & Central Asia (all income levels),ECS,11742.75252,11754.38575,11815.32835,12026.73682,12449.97507,12897.24036,13480.61089,14131.05003,14658.20076,15806.10245,16624.8003,17337.57883,18009.58123,19128.41513,20343.84959,22524.39052,24095.39497,25668.39493,24964.99899,25839.80144,27208.08688,27783.4696,28298.96096
Europe & Central Asia (developing only),ECA,4823.857384,4541.305607,4397.226398,3992.037706,4019.008091,4149.343166,4328.418346,5020.498233,5003.783972,5528.377277,5741.023306,6046.626655,6456.667516,7348.291867,8151.922359,9296.13312,10305.81211,11275.57078,10971.86814,11750.05859,12708.4346,13115.20302,13622.12907
European Union,EUU,15640.03449,16091.66612,16405.6435,17178.20406,17953.83151,18684.68199,19523.34439,20387.84005,21144.09514,22560.33791,23742.23918,24657.95308,25284.01962,26500.3879,27731.67821,30061.81587,31833.80601,33145.43723,32369.98431,33225.70452,34558.08111,34974.46003,35399.78992
Heavily indebted poor countries (HIPC),HPC,957.2232132,945.264426,950.330827,947.191921,983.4762532,1027.870645,1061.525396,1080.606541,1102.185985,1128.682933,1171.822787,1196.360761,1239.222167,1305.553329,1392.002252,1481.107303,1578.128659,1660.002475,1699.221929,1769.251177,1843.919244,1927.544761,2011.067593
High income,HIC,17080.96176,17627.67342,18120.52616,18866.74441,19595.46032,20424.27504,21403.70813,22054.93689,22959.38657,24445.95604,25319.07032,26100.96813,27088.91901,28714.48372,30386.84232,32668.21067,34440.4757,35603.84095,34675.55296,35952.93328,37493.23583,38585.73207,39459.54842
High income: OECD,OEC,18965.57785,19650.9447,20242.39761,21199.45389,22113.16964,23081.21739,24159.28671,24975.14374,26043.55652,27648.46893,28636.18941,29533.12102,30431.83242,32032.45681,33636.92011,35782.60648,37493.97853,38299.53841,37307.69391,38526.22182,39852.19951,40834.96809,41660.78306
High income: nonOECD,NOC,10928.32894,10938.6743,11096.61823,11112.50779,11268.33233,11633.97498,12295.71168,12393.86779,12744.98038,13838.85031,14321.71175,14704.88686,15998.50513,17734.26415,19675.91701,22478.99737,24522.05995,26963.71849,26277.68879,27812.35471,30130.32249,31652.11149,32725.60457
Latin America & Caribbean (all income levels),LCN,6243.243136,6455.416876,7038.289311,7398.232103,7463.476112,7722.81814,8131.443463,8270.321626,8320.643606,8718.54025,8847.744171,8886.914532,9124.243638,9810.778031,10528.30699,11418.92538,12232.16305,12819.48604,12687.94057,13453.11472,14324.74195,14777.89869,15208.01618
Latin America & Caribbean (developing only),LAC,5770.708155,5862.538079,6472.98714,6829.897139,6864.24814,7086.509295,7419.723127,7521.515497,7647.703492,8048.712825,8171.212809,8363.712398,8573.570711,9130.491251,9729.52585,10469.03818,11179.38703,11772.76171,11673.00393,12388.76365,13154.85114,13571.55502,13971.4044
Least developed countries: UN classification,LDC,840.4273088,850.0135463,870.1621429,884.846095,922.0575241,963.5233062,1002.463787,1027.711463,1062.416262,1105.86149,1164.905234,1199.66768,1255.401885,1336.501694,1441.323504,1545.042319,1664.006794,1761.582595,1816.362743,1896.54205,1959.175532,2029.197433,2119.85858
Low & middle income,LMY,2233.650733,2325.513608,2477.579098,2603.563626,2736.490824,2905.033936,3048.678725,3143.200348,3274.082427,3481.709428,3645.698357,3822.593046,4063.864369,4452.089338,4868.968876,5372.080545,5925.442443,6326.681449,6572.048695,7090.713601,7587.245025,8013.08225,8449.420215
Low income,LIC,727.7896423,700.6936638,702.4816988,713.8775985,735.9380132,774.6136296,794.3572348,804.0837095,824.1206818,840.6924743,878.3417639,888.8458747,911.1459176,966.1776271,1034.598206,1096.882545,1171.54695,1227.352736,1268.295132,1332.50563,1403.58239,1449.185015,1516.82825
Lower middle income,LMC,1830.732615,1882.404537,1935.732057,2001.279664,2105.177485,2227.169237,2309.958837,2312.204684,2417.405012,2535.524545,2658.234141,2755.307093,2937.886573,3207.075974,3478.742315,3791.720554,4127.345749,4335.853432,4525.65783,4848.132536,5136.649955,5402.46478,5708.846546
Middle East & North Africa (all income levels),MEA,7381.174408,7785.107875,7997.328623,8176.791364,8408.569031,8825.608815,9143.808038,9507.381797,9765.158301,10301.70065,10573.99374,10815.65625,11252.80869,12291.25105,13089.98086,14067.69969,15018.55282,15726.52405,15825.72824,16492.95465,17017.29806,17630.96186,17878.71916
Middle East & North Africa (developing only),MNA,5013.818428,5249.824105,5355.246235,5440.234048,5591.435912,5933.096871,6145.058116,6500.556373,6803.367763,7114.271634,7370.749657,7614.717618,7820.553056,8531.899976,9081.383335,9734.816832,10440.93266,10864.55974,11093.72572,11626.72368,11621.18887,11905.51664,11979.44195
Middle income,MIC,2367.845129,2470.844064,2637.494866,2775.55444,2920.627169,3103.415485,3260.789928,3365.702012,3509.859238,3738.702222,3918.765024,4115.823037,4383.259989,4810.147752,5268.449265,5823.65843,6434.757107,6881.0202,7157.240084,7735.486388,8290.133283,8770.614195,9261.758163
North America,NAC,23961.64258,24979.03743,25934.36496,27237.87881,28234.65892,29449.53803,30922.03673,32272.03674,33928.17577,35725.75044,36553.56258,37426.42521,38924.71325,41102.79081,43487.69881,45590.86881,47193.70925,47586.1863,46184.08953,47551.63327,48967.34558,50543.0266,51985.62702
Not classified,INX,..,..,..,..,..,..,..,..,..,..,..,..,..,..,..,..,..,..,..,..,..,..,..
OECD members,OED,17206.74956,17820.12293,18489.71522,19320.29123,20036.44059,20903.64599,21884.68997,22724.73401,23638.0879,25102.55229,25896.43254,26651.74976,27430.38505,28909.44259,30405.52006,32395.37954,33937.10652,34715.31758,33782.13904,34935.58155,36240.16525,37094.94004,37804.24175
Other small states,OSS,3484.295134,3573.228602,3671.501786,3795.084686,3980.462596,4177.576556,4510.86098,4622.802786,4704.647899,4901.937691,5213.673906,5420.241521,5690.513013,6234.446507,6658.60098,7112.84888,7778.646727,8173.101599,7952.45263,8256.786297,8644.913329,8984.581455,9237.348639
Pacific island small states,PSS,2785.700369,2944.069691,3031.082311,3192.714313,3329.101936,3467.191765,3430.268789,3486.626782,3692.957549,3691.974716,3791.455795,3901.568547,4009.280124,4258.837535,4421.411412,4599.127909,4698.290503,4803.452923,4689.709506,4821.743928,4871.706171,4987.61731,5162.130149
Small states,SST,4192.341924,4283.206482,4427.669571,4585.990084,4786.894211,5000.254004,5284.770701,5416.691562,5586.046735,5827.774659,6123.956907,6383.700719,6772.378061,7329.53329,7799.733121,8407.7842,9032.887128,9398.651855,9110.972359,9341.243968,9685.738946,9997.585314,10255.04093
South Asia,SAS,1241.504962,1314.878116,1374.787887,1457.476767,1558.234719,1660.925172,1717.668219,1796.872926,1927.144776,2013.928475,2109.683339,2182.293219,2344.475543,2547.333128,2813.504332,3099.831637,3413.074689,3559.21399,3799.59809,4128.264648,4413.090944,4660.886669,4966.503488
Sub-Saharan Africa (all income levels),SSF,1626.289398,1602.37532,1617.401729,1635.171476,1672.537289,1743.004664,1785.915927,1800.586381,1820.222465,1877.847289,1946.4471,1989.850836,2076.02338,2332.065039,2461.915415,2630.487553,2795.516574,2912.188464,2948.259841,3075.461098,3190.593713,3273.921296,3390.034748
Sub-Saharan Africa (developing only),SSA,1626.313989,1602.107951,1617.000556,1634.695775,1671.984219,1741.797093,1782.033639,1795.676851,1814.063795,1870.592654,1934.52818,1975.734869,2060.188532,2310.248012,2436.120254,2602.554743,2764.039781,2877.963891,2916.386348,3045.374009,3160.078936,3241.878371,3360.523561
Upper middle income,UMC,2929.278347,3089.815536,3379.753223,3599.672571,3794.628883,4048.776511,4292.80834,4515.272753,4710.219323,5068.963242,5322.869362,5642.34417,6018.1546,6637.592457,7323.924539,8174.52081,9124.573886,9869.782305,10271.72892,11177.74153,12077.2917,12843.89671,13590.01652
World,WLD,5580.925169,5742.710343,5941.49974,6174.349831,6411.799462,6692.217534,6984.15128,7165.087753,7427.499572,7870.678433,8151.116211,8421.467195,8783.76127,9392.567987,10031.55413,10861.71411,11628.97767,12153.61146,12133.05777,12766.62705,13430.41208,13943.78718,14426.89927
Central Europe and the Baltics,CEB,6418.341974,6462.736607,6717.780774,7147.090038,7725.455116,8230.848188,8664.471886,9072.237298,9365.316532,10006.84094,10785.767,11582.94641,12316.61929,13379.32411,14305.94636,15967.01869,17807.36756,19381.284,19470.26721,20459.89051,21839.73015,22466.1258,23088.81033
Fragile and conflict affected situations,FCS,1398.062311,1483.480798,1590.096097,1636.984292,1687.720428,1807.791555,1972.752651,2232.672087,2396.010237,2435.164369,2489.768007,2424.598616,2244.191529,2599.466032,2772.658395,2969.084561,3116.243504,3263.814149,3326.882142,3458.164368,3205.766628,3560.964703,3633.228662