CountryCode,CountryName,1960,1961,1962,1963,1964,1965,1966,1967,1968,1969,1970,1971,1972,1973,1974,1975,1976,1977,1978,1979,1980,1981,1982,1983,1984,1985,1986,1987,1988,1989,1990,1991,1992,1993,1994,1995,1996,1997,1998,1999,2000,2001,2002,2003,2004,2005,2006,2007,2008,2009,2010,2011,2012,2013,2014,2015
ADO,Andorra,,,,,,,,,,,,,,,,,,,,,,,,,,,,,,,8.5,7.9,7.4,6.9,6.4,6.0,5.7,5.3,5.0,4.8,4.6,4.4,4.2,4.1,4.0,3.9,3.7,3.6,3.5,3.4,3.3,3.2,3.1,3.0,2.9,2.8
AFG,Afghanistan,,356.5,350.6,345.0,339.7,334.1,328.7,323.3,318.1,313.0,307.8,302.1,296.4,290.8,284.9,279.4,273.6,267.8,261.6,255.5,249.1,242.7,236.2,229.7,222.9,216.0,209.2,202.1,195.0,187.8,181.0,174.2,167.8,162.0,156.8,152.3,148.6,145.5,142.6,139.9,137.0,133.8,130.3,126.8,123.2,119.6,116.3,113.2,110.4,107.6,105.0,102.3,99.5,96.7,93.9,91.1
AGO,Angola,,,,,,,,,,,,,,,,,,,,,234.1,232.8,231.5,230.2,229.1,228.3,227.5,226.9,226.5,226.2,226.0,225.9,226.0,225.8,225.5,224.8,224.0,222.6,220.8,218.9,216.7,214.1,211.7,209.2,206.7,203.9,200.5,196.4,192.0,187.3,182.5,177.3,172.2,167.1,162.2,156.9
ALB,Albania,,,,,,,,,,,,,,,,,,,91.1,84.7,78.6,73.0,67.8,62.8,58.3,54.3,50.7,47.6,44.9,42.5,40.6,38.8,37.3,36.0,34.6,33.2,31.8,30.3,28.9,27.5,26.2,24.9,23.6,22.5,21.5,20.5,19.5,18.7,17.9,17.3,16.6,16.0,15.5,14.9,14.4,14.0
ARB,Arab World,249.36022483248402,241.992944469006,236.49653564082598,241.306520908955,234.44305053805002,227.92441870968202,221.76962219444,215.887251303358,210.2638131677,204.77379333988,199.61662758999,194.401503635054,187.51882646908797,181.55201451625197,175.27575604789902,167.92520346262,160.97460296206998,153.792954425507,146.537856651547,139.27706507378798,131.947507611378,124.517741809644,117.056233425729,112.787457177768,105.956546632827,99.7288805797079,94.36897051102707,89.80372369371271,85.9693348327178,82.77491276218821,80.00945465163208,77.59969992382541,75.3419055836158,73.2855564659743,71.2795103399551,69.3767145967398,67.5093998364135,65.7453542744067,63.945977923828295,62.1908383555163,60.4129886142128,58.6279292660645,56.8526389354576,55.08782172957021,53.3442113468608,51.6420745414292,49.9084533082219,48.175088624897604,46.389048974492,44.67246773838701,42.9943054790763,41.5158481179613,40.196742093535,38.964339786607795,37.789320470145505,36.764145085562
ARE,United Arab Emirates,204.6,193.8,183.3,172.7,162.2,151.3,140.4,129.4,118.6,108.2,98.4,89.1,80.6,72.8,65.8,59.4,53.5,48.2,43.4,39.0,35.2,31.9,29.0,26.5,24.4,22.7,21.1,19.7,18.5,17.4,16.5,15.6,14.8,14.2,13.6,13.0,12.6,12.2,11.8,11.5,11.1,10.9,10.6,10.3,10.1,9.8,9.6,9.4,9.1,8.8,8.5,8.2,7.8,7.4,7.1,6.8
ARG,Argentina,,,,,,,,,,73.2,72.4,71.5,70.4,68.8,66.6,63.8,60.2,55.9,51.4,47.0,43.1,40.0,37.6,35.8,34.4,33.1,31.9,30.8,29.7,28.6,27.6,26.6,25.7,24.8,24.1,23.4,22.7,22.0,21.4,20.8,20.2,19.7,19.2,18.6,17.9,17.1,16.4,15.8,15.4,15.0,14.6,14.2,13.8,13.3,12.9,12.5
ARM,Armenia,,,,,,,,,,,,,,,,,88.1,84.6,81.2,78.0,74.9,72.0,69.2,66.6,64.0,61.5,59.1,56.7,81.7,52.1,49.8,47.5,45.2,42.9,40.8,38.7,36.8,35.0,33.3,31.7,30.1,28.7,27.3,25.9,24.6,23.4,22.2,21.1,20.0,19.0,18.0,17.2,16.3,15.5,14.7,14.1
ATG,Antigua and Barbuda,,,,,,,,,,,,,,,,,,,,,,,,,,,,,,,25.5,24.2,23.1,21.9,20.8,19.7,18.8,17.9,17.0,16.2,15.5,14.8,14.1,13.5,12.9,12.4,11.8,11.3,10.9,10.4,9.9,9.5,9.1,8.7,8.4,8.1
AUS,Australia,24.9,24.3,23.7,23.2,22.7,22.4,22.1,22.0,21.9,21.7,21.4,20.9,20.2,19.3,18.4,17.3,16.2,15.3,14.4,13.6,13.0,12.6,12.2,11.9,11.6,11.3,11.0,10.6,10.2,9.7,9.2,8.6,8.1,7.7,7.3,7.0,6.8,6.6,6.5,6.4,6.2,6.1,6.0,6.0,5.9,5.7,5.6,5.4,5.2,5.0,4.8,4.5,4.3,4.1,3.9,3.8
AUT,Austria,42.8,40.3,37.9,35.9,34.2,32.8,31.5,30.5,29.8,29.4,29.1,28.7,28.0,26.8,25.1,23.1,21.1,19.4,18.1,17.1,16.3,15.5,14.7,14.0,13.3,12.6,11.9,11.1,10.5,10.0,9.5,9.0,8.5,8.0,7.4,6.8,6.4,6.1,5.8,5.6,5.5,5.4,5.3,5.2,5.0,4.9,4.8,4.7,4.6,4.5,4.4,4.2,4.0,3.9,3.7,3.5
AZE,Azerbaijan,,,,,,,,,,,,,,,,,,,,,,,108.2,105.7,103.3,101.1,99.0,97.2,95.8,94.9,94.7,95.0,95.4,95.7,95.5,94.3,92.1,88.6,84.2,79.3,74.0,68.8,63.8,59.3,55.2,51.7,48.6,45.8,43.3,41.0,39.0,37.3,35.7,34.2,32.9,31.7
BDI,Burundi,,,,,241.6,243.0,244.5,245.8,246.7,247.3,247.6,247.5,247.3,247.1,246.9,246.5,245.0,242.0,236.9,230.2,221.8,212.3,202.3,192.6,184.2,177.5,172.9,170.6,170.1,170.7,171.8,172.9,173.5,173.5,172.5,170.5,167.7,164.4,160.5,156.4,152.2,147.8,143.2,138.3,133.0,127.1,120.9,114.5,108.6,103.5,98.8,94.9,91.2,87.8,84.6,81.7
BEL,Belgium,33.9,32.4,31.1,30.0,28.9,27.9,27.0,26.2,25.5,24.8,23.9,23.0,21.9,20.8,19.6,18.6,17.6,16.7,15.9,15.2,14.5,13.9,13.3,12.7,12.2,11.8,11.4,11.0,10.7,10.3,10.0,9.6,9.2,8.7,8.2,7.6,7.1,6.7,6.3,6.0,5.8,5.6,5.4,5.2,5.1,5.0,4.9,4.8,4.7,4.6,4.5,4.4,4.3,4.3,4.2,4.1
BEN,Benin,314.0,309.2,303.9,298.2,292.5,286.9,281.4,276.9,272.8,269.0,265.5,261.8,257.8,253.4,248.3,242.7,237.0,231.3,226.1,221.5,217.4,213.7,210.2,206.8,203.3,199.7,196.1,192.2,188.1,183.9,179.5,175.0,170.4,166.2,162.4,159.1,156.2,153.6,150.9,147.9,144.7,141.1,137.1,133.1,129.2,125.5,122.1,119.0,116.3,113.9,111.6,109.3,107.0,104.8,102.1,99.5
BFA,Burkina Faso,347.6,343.1,338.7,334.5,331.0,328.0,325.2,322.9,321.4,320.1,319.1,317.3,313.9,307.9,299.2,288.5,277.0,265.7,255.8,247.8,241.2,236.1,231.8,227.8,223.7,219.2,214.4,209.6,205.8,203.4,202.2,201.8,202.1,202.0,201.1,199.4,197.0,194.0,191.3,188.5,185.7,182.4,178.3,173.1,166.3,158.3,149.4,139.9,130.4,121.4,113.5,106.9,101.4,96.6,92.4,88.6
BGD,Bangladesh,264.3,257.5,251.3,245.6,240.4,236.0,232.3,229.4,227.1,225.4,224.1,223.0,222.0,220.7,219.1,217.1,214.5,211.2,207.4,203.3,198.9,194.2,189.4,184.4,179.1,173.5,167.7,161.8,155.8,149.7,143.7,137.7,131.7,125.8,119.9,114.2,108.6,103.2,97.9,92.8,88.0,83.5,79.0,74.8,70.7,66.8,63.0,59.4,55.9,52.6,49.6,46.7,44.0,41.6,39.5,37.6
BGR,Bulgaria,,,,46.7,45.7,44.9,44.4,43.9,42.7,40.8,38.8,37.3,36.3,35.6,34.9,34.3,33.5,32.5,31.3,30.0,28.7,27.6,26.6,25.7,24.7,23.6,22.5,21.7,21.3,21.5,22.1,22.6,22.9,23.1,23.1,23.1,23.1,23.1,22.8,22.0,21.0,20.1,19.2,18.1,17.0,15.9,15.0,14.2,13.7,13.3,13.0,12.6,12.0,11.5,10.9,10.4
BHR,Bahrain,200.0,183.1,167.2,152.6,138.9,126.3,114.7,104.0,94.1,85.0,76.8,69.3,62.7,56.9,51.8,47.4,43.6,40.2,37.2,34.6,32.3,30.3,28.6,27.2,25.9,24.9,24.2,23.6,23.3,23.2,23.0,22.7,22.0,21.0,19.6,18.1,16.6,15.2,14.1,13.2,12.6,12.1,11.8,11.5,11.2,10.9,10.5,10.0,9.4,8.8,8.3,7.8,7.3,6.9,6.5,6.2
BHS,"Bahamas, The",,,,,,,,,29.4,30.0,30.6,31.2,31.7,32.1,32.2,32.2,31.9,31.5,31.0,30.5,29.9,29.4,28.9,28.6,28.2,27.9,27.3,26.5,25.6,24.6,23.5,22.5,21.6,20.6,19.6,18.7,17.8,17.0,16.4,15.9,15.7,15.5,15.5,15.4,15.4,15.3,15.1,14.8,14.5,14.2,13.9,13.5,13.2,12.8,12.4,12.1
BIH,Bosnia and Herzegovina,,,,,,,,,,,,,,,,,,,,,,,,,29.4,27.0,24.9,23.0,21.2,19.7,18.3,17.0,18.4,18.4,15.6,15.2,12.5,11.6,10.7,9.9,9.2,8.6,8.3,8.2,8.2,8.3,8.3,8.3,8.1,7.8,7.4,6.9,6.5,6.1,5.7,5.4
BLR,Belarus,,,,,,,,,,,,,,,,,,,,,23.3,22.3,21.3,20.6,19.9,19.4,18.7,18.1,17.5,17.0,16.6,16.6,16.8,17.1,17.5,17.9,18.0,17.8,17.0,15.8,14.3,13.0,11.9,10.9,10.2,9.4,8.7,7.9,7.2,6.6,6.1,5.6,5.3,5.0,4.7,4.6
BLZ,Belize,,,,,,,,109.9,105.5,101.3,97.3,93.5,89.7,86.3,83.0,79.9,77.0,74.2,71.4,68.9,66.4,63.9,61.4,58.9,56.2,53.5,50.6,47.7,44.9,42.2,39.6,37.2,35.0,33.1,31.5,30.1,28.8,27.8,26.7,25.8,25.0,24.2,23.5,22.8,22.2,21.7,21.2,20.6,20.1,19.5,19.0,18.5,18.0,17.5,17.0,16.5
BOL,Bolivia,287.1,281.4,276.1,270.8,265.4,260.1,254.5,248.8,243.0,237.1,231.3,225.3,219.1,212.8,206.4,200.1,193.9,187.9,182.1,176.6,171.6,166.8,162.3,157.8,153.2,148.5,143.8,138.9,134.0,129.2,124.4,119.7,115.2,110.7,106.2,101.8,97.5,93.1,88.7,84.4,80.2,76.2,72.2,68.5,64.8,61.4,58.1,54.9,52.0,49.3,47.0,44.9,43.1,41.3,39.8,38.4
BRA,Brazil,171.9,167.2,162.7,158.4,154.5,150.7,147.2,143.9,140.5,137.0,133.5,129.8,126.1,122.5,118.9,115.3,111.7,107.9,104.0,99.7,95.3,90.8,86.5,82.4,78.6,75.1,71.9,68.8,66.0,63.4,60.8,58.2,55.4,52.5,49.4,46.3,43.2,40.2,37.2,34.5,32.0,29.6,27.4,25.4,23.6,21.9,20.4,19.2,18.1,17.2,16.6,16.2,16.0,16.0,16.2,16.4
BRB,Barbados,83.6,78.0,73.2,68.7,64.7,61.3,58.2,55.5,53.0,50.5,48.1,45.8,43.4,41.1,38.9,36.7,34.6,32.6,30.6,28.9,27.2,25.8,24.6,23.6,22.8,22.0,21.2,20.4,19.5,18.7,17.9,17.2,16.6,16.1,15.7,15.5,15.4,15.5,15.7,16.0,16.3,16.6,16.8,16.8,16.7,16.5,16.2,15.8,15.4,15.1,14.7,14.4,14.1,13.7,13.3,13.0
BRN,Brunei Darussalam,,,,,,,,,,,,,,,,,,,,,,,16.8,16.1,15.4,14.7,14.1,13.5,13.0,12.6,12.2,11.9,11.6,11.2,10.9,10.6,10.3,10.0,9.7,9.6,9.4,9.3,9.2,9.1,9.1,9.0,9.0,9.0,9.0,9.1,9.3,9.5,9.7,9.9,10.1,10.2
BTN,Bhutan,,,,,,,,,,278.6,271.5,264.2,256.7,249.5,242.4,235.5,228.4,221.3,214.1,206.9,199.8,193.0,185.9,178.9,172.1,165.2,158.8,152.2,145.9,139.8,133.7,127.8,122.0,116.4,110.8,105.3,99.8,94.5,89.4,84.4,79.6,75.0,70.6,66.4,62.3,58.5,54.8,51.3,48.1,45.1,42.3,39.9,37.8,36.0,34.4,32.9
BWA,Botswana,169.6,164.1,158.9,153.7,148.8,144.0,139.5,134.9,130.3,125.7,121.0,116.2,111.2,106.2,101.2,96.1,91.1,86.2,81.6,77.1,72.9,69.1,65.6,62.3,59.5,57.1,55.1,53.7,53.0,53.1,54.2,56.4,59.1,62.4,66.1,69.9,73.5,76.5,79.0,82.0,82.9,81.6,79.8,78.1,75.8,69.0,63.4,62.6,61.7,57.3,53.5,51.8,49.5,46.6,44.8,43.6
CAF,Central African Republic,283.7,278.1,272.6,266.5,260.4,253.9,247.1,240.7,234.2,228.2,222.5,217.1,212.1,207.5,203.3,199.3,195.7,192.3,189.0,186.1,183.5,181.5,180.0,178.9,178.2,177.8,177.4,177.2,177.0,176.8,176.5,176.2,176.0,176.1,176.4,176.7,177.0,176.9,176.5,175.7,174.8,173.5,171.9,170.3,168.4,166.2,163.9,161.3,158.2,154.2,150.2,146.2,142.1,138.5,134.0,130.1
CAN,Canada,32.6,31.6,30.5,29.4,28.2,27.1,26.0,25.0,23.9,23.0,22.0,21.0,19.9,19.0,18.0,17.0,16.0,15.1,14.2,13.3,12.5,11.8,11.2,10.6,10.1,9.7,9.4,9.1,8.8,8.6,8.3,8.0,7.7,7.4,7.2,6.9,6.7,6.5,6.4,6.3,6.2,6.2,6.2,6.1,6.1,6.1,6.0,5.9,5.8,5.7,5.6,5.4,5.3,5.2,5.0,4.9
CEB,Central Europe and the Baltics,,,,,,,,,50.5451295533391,48.679617965225,46.4237828916864,44.0505315820525,41.826894192679895,39.7753967666511,37.9737659759329,36.476434137115604,35.0618909175811,33.5629707896983,32.083951930853,30.5781060360214,29.406951904215198,27.0384781218399,26.225499293860803,25.5539838035235,25.018681271152506,24.491811182797694,23.9664252438449,23.454956803890802,22.942592204934,22.3586009767711,21.690343855902,21.031616471518106,20.3918103432763,19.734927929557895,19.0037281185011,18.1267155225992,17.2385873845153,16.3661943666697,15.498692578520501,14.754095160673304,14.074012994333199,13.4460904008054,12.855945568239601,12.231163895860698,11.589087424549401,10.941202865404598,10.2363102103121,9.555926186936368,8.948945815703519,8.33907928011075,7.84651950604465,7.44685176328771,7.1153333611236915,6.877552058636639,6.67724489567639,6.50854763434545
CHE,Switzerland,26.5,26.0,25.4,24.6,23.6,22.6,21.6,20.7,19.9,19.2,18.4,17.6,16.7,15.8,14.8,13.8,12.9,12.1,11.4,10.8,10.4,10.0,9.7,9.4,9.2,9.0,8.9,8.8,8.6,8.4,8.2,7.9,7.5,7.1,6.7,6.4,6.1,6.0,5.8,5.7,5.6,5.6,5.5,5.3,5.2,5.1,5.0,4.8,4.7,4.6,4.5,4.4,4.3,4.2,4.0,3.9
CHL,Chile,157.3,148.5,142.3,135.8,126.8,115.9,104.5,94.1,86.2,81.7,79.6,78.4,77.0,74.6,70.6,64.7,57.1,48.8,41.7,36.8,33.2,30.1,27.0,24.6,23.1,22.4,22.1,21.9,21.4,20.4,19.1,17.7,16.4,15.1,14.0,13.1,12.5,12.2,12.0,11.5,10.9,10.3,9.8,9.5,9.3,9.1,9.0,8.9,8.9,8.8,8.8,8.7,8.6,8.4,8.3,8.1
CHN,China,,,,,,,,,,119.1,113.3,107.7,102.1,96.5,90.9,85.2,79.8,74.6,70.0,65.9,62.4,59.6,57.4,55.7,54.6,54.0,53.7,53.7,53.9,54.0,53.8,53.3,52.4,51.0,49.3,47.5,45.6,43.6,41.5,39.3,36.9,34.3,31.6,28.9,26.3,24.0,21.9,20.1,18.5,17.0,15.7,14.5,13.4,12.3,11.4,10.7
CIV,Cote d'Ivoire,311.2,303.4,295.7,288.6,281.4,274.6,267.9,261.2,254.8,248.1,241.4,234.4,226.8,218.6,210.0,201.1,192.5,184.5,177.4,171.4,166.6,162.8,159.7,157.3,155.5,154.2,153.3,152.8,152.5,152.5,152.6,152.7,152.7,152.8,152.9,152.7,152.2,151.3,149.8,147.9,145.6,142.8,139.7,136.3,132.7,128.8,125.1,121.1,116.5,112.7,109.1,105.9,102.5,99.0,95.5,92.6
CMR,Cameroon,281.6,275.7,271.1,267.2,262.8,257.3,250.4,242.0,232.3,222.5,213.0,204.7,198.4,194.3,192.0,191.1,190.9,190.4,188.7,185.8,181.6,176.3,170.1,163.4,156.6,150.2,144.7,140.7,138.1,137.2,138.0,140.0,142.8,146.0,149.0,151.8,154.0,155.3,155.3,153.8,150.4,145.7,140.2,134.7,129.6,125.1,120.7,116.6,112.8,109.0,104.8,101.0,97.4,93.9,90.6,87.9
COG,"Congo, Rep.",184.4,180.2,176.0,172.3,168.3,163.9,159.4,155.0,150.9,147.0,143.1,139.5,135.7,132.2,129.3,126.3,123.3,120.5,117.7,114.7,111.9,109.1,106.2,103.2,100.2,97.5,95.3,93.7,92.8,92.8,93.6,95.2,97.4,100.2,103.8,107.7,111.9,116.0,119.3,121.4,121.6,119.7,115.6,109.8,102.9,95.3,87.4,79.9,72.6,66.1,60.6,56.1,52.6,49.6,47.1,45.0
COL,Colombia,127.3,124.6,122.0,119.4,116.7,114.0,111.1,108.0,104.6,101.1,97.6,94.0,90.4,86.7,82.8,78.7,74.3,69.9,65.5,61.3,57.4,53.7,50.3,47.3,44.6,42.3,40.3,38.7,37.4,36.2,35.1,34.1,33.1,32.1,31.0,30.0,28.9,27.9,26.9,26.0,25.1,24.3,23.6,22.9,22.2,21.5,20.9,20.3,19.7,19.1,18.5,18.0,17.4,16.9,16.4,15.9
COM,Comoros,,,,,,,,,,,227.1,221.8,217.1,212.4,207.7,202.7,197.7,192.3,186.8,181.1,175.3,169.4,163.6,157.9,152.4,147.2,142.2,137.6,133.2,129.1,125.1,121.2,117.2,113.6,110.5,107.8,105.6,104.0,102.7,101.8,101.1,100.8,100.8,100.4,99.4,97.8,95.7,93.5,91.2,88.5,86.0,83.3,80.9,78.3,75.9,73.5
CPV,Cabo Verde,,,,,,,,,,179.2,164.5,151.1,138.8,127.8,118.0,109.4,102.2,96.1,91.3,87.7,85.3,83.7,82.6,81.6,80.2,78.1,75.2,71.8,68.3,65.1,62.7,61.0,60.0,59.2,58.1,56.1,53.0,49.0,44.3,39.6,35.5,32.2,29.9,28.5,27.8,27.7,27.9,28.1,28.2,28.1,27.8,27.3,26.6,25.9,25.2,24.5
CRI,Costa Rica,,,,,,88.8,85.0,82.3,80.4,78.8,76.4,71.8,64.9,57.8,51.8,46.3,40.3,34.0,28.9,25.6,23.8,23.1,22.9,22.8,22.4,21.6,20.5,19.3,18.3,17.5,16.9,16.5,16.1,15.8,15.5,15.2,15.0,14.8,14.4,13.8,13.0,12.2,11.6,11.0,10.7,10.4,10.3,10.3,10.3,10.2,10.2,10.1,10.1,10.0,9.9,9.7
CSS,Caribbean small states,81.9905961998395,78.4973703866263,75.38031544245321,72.6115580805767,70.18125694066829,67.9779950798559,66.0386197226982,65.8914633219886,63.0544882381824,61.892165171395995,60.8142216564518,59.1647682710089,57.5684003152088,56.027001791945715,54.588886950580395,53.188882996113215,51.7920149367144,50.396213171639396,48.9850534162198,47.6866796954636,46.3851188160089,45.10422473178221,43.8674950067033,43.674430943444214,42.25647288348621,41.1846854674701,40.10635387425921,39.0455760148649,38.013721214978396,36.9949305569407,35.8934699480998,34.823118221110704,33.8241126341046,32.8288233154751,31.876242729465197,30.956606460801396,30.0760684321879,29.2779279712773,28.4683663117076,27.755998168498202,27.095008600517602,26.4814202495224,25.9195468595647,25.358094078958,24.8312637371583,24.334049485043696,23.894226528235503,23.395313693579997,22.917159467191606,22.4370457533856,21.9691194149048,21.4760634663563,21.0381941859285,20.536663668912198,20.0440315842317,19.5649594467686
CUB,Cuba,,,,47.0,45.9,45.0,44.6,44.6,44.9,45.0,43.6,39.9,35.4,32.2,30.7,29.4,27.2,24.5,22.3,20.9,20.2,19.8,19.7,19.5,19.1,18.5,17.5,16.3,15.2,14.2,13.3,12.4,11.6,11.1,11.0,10.8,10.5,10.0,9.4,8.8,8.4,8.0,7.7,7.4,7.1,6.8,6.6,6.4,6.3,6.2,6.1,6.0,5.8,5.7,5.6,5.5
CYP,Cyprus,,,,,,,,,,,,,,,,,,,,22.5,20.8,19.2,17.6,16.1,14.7,13.5,12.5,11.9,11.5,11.3,11.1,10.8,10.5,10.1,9.6,9.0,8.5,8.0,7.5,7.0,6.6,6.1,5.8,5.4,5.1,4.8,4.6,4.3,4.1,3.8,3.6,3.4,3.2,3.0,2.9,2.7
CZE,Czech Republic,,,,,,,,,,,,,,,,,,,,,,18.4,18.0,17.6,17.3,17.0,16.6,16.1,15.6,15.1,14.6,13.9,13.2,12.3,11.2,10.2,9.2,8.4,7.6,7.1,6.6,6.2,6.0,5.7,5.5,5.2,5.0,4.7,4.5,4.3,4.1,3.9,3.8,3.7,3.5,3.4
DEU,Germany,,,,,,,,,27.2,26.4,25.7,24.9,24.0,23.1,22.0,20.8,19.5,18.3,17.1,16.0,15.0,14.1,13.2,12.5,11.8,11.1,10.6,10.1,9.5,9.0,8.5,8.0,7.6,7.2,6.8,6.5,6.2,5.9,5.7,5.5,5.4,5.2,5.1,5.0,4.9,4.7,4.6,4.5,4.4,4.3,4.2,4.1,4.0,3.9,3.8,3.7
DJI,Djibouti,,,,,,,,,,,,,,,,,174.3,169.4,164.7,160.1,155.8,151.7,147.4,143.3,139.3,135.3,131.7,128.3,125.1,122.0,119.4,117.0,115.0,113.2,111.5,110.2,108.5,106.8,104.9,102.9,100.8,98.4,96.0,93.5,91.0,88.5,86.0,83.5,81.0,78.5,76.1,73.9,71.7,69.5,67.4,65.3
DMA,Dominica,139.0,127.2,116.5,107.2,98.9,91.8,85.5,79.9,74.7,69.5,63.9,57.9,51.7,45.5,39.7,34.5,30.1,26.5,23.6,21.4,19.8,18.6,17.9,17.4,17.2,17.0,17.0,17.0,17.0,17.1,17.1,17.1,17.0,16.9,16.7,16.5,16.3,16.0,15.8,15.5,15.3,15.2,15.1,15.1,15.3,15.6,16.0,16.5,17.1,17.9,18.8,19.6,20.4,21.0,21.2,21.2
DNK,Denmark,25.0,24.5,23.8,23.0,22.1,21.1,20.1,19.1,18.1,17.4,16.6,15.8,14.9,13.9,13.1,12.3,11.6,11.1,10.6,10.3,10.0,9.7,9.6,9.6,9.6,9.7,9.7,9.7,9.6,9.3,8.9,8.4,7.9,7.4,6.9,6.5,6.2,6.0,5.8,5.7,5.6,5.5,5.4,5.3,5.1,4.9,4.7,4.5,4.3,4.2,4.0,3.9,3.8,3.7,3.6,3.5
DOM,Dominican Republic,147.8,145.9,143.7,141.3,138.6,135.8,132.9,130.1,127.3,124.5,121.6,118.5,115.2,111.7,108.2,104.5,100.9,97.4,94.0,90.7,87.5,84.3,81.3,78.3,75.5,72.7,70.1,67.5,65.0,62.6,60.2,57.9,55.6,53.4,51.2,49.2,47.3,45.5,43.9,42.5,41.3,40.1,39.1,38.3,37.5,36.8,36.1,35.5,34.9,34.3,33.8,33.3,32.7,32.2,31.5,30.9
DZA,Algeria,246.3,246.1,246.2,246.8,247.4,248.2,248.7,248.4,247.4,245.3,241.7,236.5,230.0,222.5,214.2,205.0,195.2,184.9,173.8,161.8,148.1,132.5,115.8,99.2,83.8,71.2,61.9,55.4,51.2,48.5,46.8,45.7,44.9,44.1,43.3,42.5,41.8,41.1,40.6,40.2,39.7,38.9,37.8,36.5,35.1,33.6,32.1,30.7,29.4,28.3,27.3,26.6,26.1,25.8,25.6,25.5
EAP,East Asia & Pacific (developing only),,,,,,,,,,123.1,117.9,112.8,107.8,102.9,98.1,95.3,90.8,86.6,83.5,80.1,77.0,74.3,71.8,69.5,67.4,65.2,63.7,62.3,61.2,60.1,59.1,57.9,56.7,55.4,53.9,52.4,50.8,49.0,46.9,44.7,42.3,39.9,37.4,35.1,33.8,30.8,28.9,27.4,26.9,24.5,23.3,22.0,20.9,19.8,18.8,18.0
EAS,East Asia & Pacific (all income levels),,,,,,,,,,116.410837770611,111.20435462504801,106.227581857399,101.377416360952,96.6747936993001,92.1452056617378,89.42317219031109,85.256717198015,81.3130147695324,78.4412365462629,75.1688970199678,72.13361470176291,69.4080649772469,66.9456511891816,64.7509589723673,62.934611912024096,61.209670864377394,60.10496687208,59.150994798111896,58.3773442071967,57.580459623798106,56.6482212164571,55.5442398997599,54.22203923309011,52.6444901776355,50.9502280102647,49.23506216080179,47.5204227645801,45.7473499913664,43.921324011557296,42.0146928476654,39.9729196130373,37.801188288614796,35.611196325397,33.4394330289688,32.3175795714846,29.473176468121398,27.730883926240697,26.1702413133228,25.530067547528,23.3307707719941,22.0559146372189,20.892642088453396,19.7855224022194,18.756255571626802,17.854708926866106,17.1072853210896
ECA,Europe & Central Asia (developing only),,,,,,,,,,,,109.4,107.4,103.9,100.7,97.3,94.2,92.6,89.8,91.7,86.0,82.3,79.8,76.5,71.5,68.5,65.7,63.2,61.3,59.0,57.6,56.6,56.0,55.3,54.4,53.1,51.4,49.3,47.0,44.6,42.3,40.0,38.0,36.1,34.2,32.6,30.9,29.3,27.8,26.4,25.1,24.0,23.0,22.1,21.3,20.5
ECS,Europe & Central Asia (all income levels),,,,,,,,,,,54.0439502284206,52.463969688439704,52.128598000346784,50.687797029674606,49.257624896523296,48.609422595606496,47.42913202075751,46.72687878927,45.5384715250435,47.619075919845,45.65421455403979,43.450476433544594,42.6902693889611,41.1510351443575,39.5873132815135,38.1072002950134,36.672201875456096,35.3165577480092,34.2375674584973,32.9716824827817,32.084931600008694,31.385774834158696,30.833121315780893,30.2061795167,29.4405648345504,28.505150339875694,27.395747966504107,26.2410191411658,25.0233540702222,23.801843326399805,22.6004709940421,21.409310391391198,20.2916880595935,19.2177365110785,18.206228504876,17.3031567795032,16.4703060490565,15.7067705943993,15.019188847918999,14.378673221729601,13.7812341541525,13.223623075476501,12.6772033303186,12.193803588871901,11.688446540892999,11.2498912606988
ECU,Ecuador,179.2,174.1,169.2,164.3,159.9,155.6,151.8,148.2,144.9,141.4,138.0,134.3,130.3,126.0,121.3,116.6,111.8,107.2,102.6,98.3,93.9,89.5,85.0,80.7,76.6,72.7,69.1,65.7,62.6,59.7,56.9,54.1,51.5,48.8,46.3,43.9,41.6,39.6,37.7,35.9,34.4,33.1,31.9,30.9,30.0,29.1,28.3,27.5,26.8,26.0,25.2,24.5,23.7,23.0,22.3,21.6
EGY,"Egypt, Arab Rep.",312.8,302.9,293.1,283.5,274.8,266.9,260.3,254.8,250.2,246.4,242.9,239.4,235.2,229.7,222.9,214.7,205.7,196.2,186.6,177.0,167.6,158.1,148.4,138.5,128.5,118.8,110.1,102.5,96.0,90.6,85.9,81.7,77.5,73.3,68.9,64.6,60.4,56.5,52.8,49.5,46.5,43.8,41.4,39.2,37.3,35.6,34.1,32.7,31.4,30.2,29.0,27.9,26.8,25.8,24.8,24.0
EMU,Euro area,46.7028463236882,44.3695451146768,42.0996484402425,39.949364027383105,37.903826047507295,36.0867612000301,34.4964999242222,33.0263027133198,30.515692300432,29.243057691598892,27.8903655329566,26.448030143843603,24.977105418097896,23.6339328552598,22.492928103019,21.483926161184,20.399388787355,19.2237275711418,17.9865906973241,16.917354160596002,15.964208326742401,15.311906234751401,14.474869899075804,13.768169193861599,13.075202241301,12.4217325694783,11.848530363997,11.3400533003019,10.8661189558332,10.4177058534414,10.0037859943722,9.55677757778201,9.12894714603509,8.64437652387465,8.1023173792921,7.6034137865985585,7.151381718660799,6.780341180745361,6.48579317788497,6.238456875764482,6.02209841109444,5.804550116527669,5.60812152496031,5.40100392356819,5.204655366056571,5.030201861033559,4.880376379001509,4.7223300251749,4.58394777967518,4.4918301148577315,4.38166872727023,4.29374831585029,4.21024506987392,4.15279138243514,4.06872505730271,3.9647821324827897
ERI,Eritrea,,,,,,,,,,,,,,,213.1,208.8,204.7,200.8,197.1,193.9,191.0,188.2,185.3,182.3,179.1,175.7,171.8,167.5,162.7,157.3,151.4,145.0,138.2,131.2,124.1,117.3,110.8,104.8,99.2,94.0,89.1,84.6,80.4,76.5,72.9,69.5,66.3,63.2,60.4,57.9,55.6,53.5,51.6,49.7,48.1,46.5
ESP,Spain,55.6,51.6,48.2,45.3,42.9,40.8,38.8,36.7,34.4,31.8,29.2,26.6,24.4,23.1,23.0,23.5,23.6,22.8,21.3,19.5,17.8,16.4,15.4,14.7,14.0,13.4,12.8,12.3,11.9,11.5,11.0,10.5,10.1,9.5,8.9,8.3,7.7,7.3,7.0,6.7,6.5,6.3,6.2,6.1,5.9,5.7,5.5,5.2,5.0,4.8,4.6,4.5,4.4,4.3,4.2,4.1
EST,Estonia,,,,,,,,,,,,,,,,,,,,,27.1,26.2,25.3,24.5,23.8,23.1,22.6,22.0,21.5,20.9,20.2,19.5,18.6,17.8,16.8,15.8,14.8,13.8,12.8,11.9,11.0,10.2,9.4,8.6,7.9,7.3,6.7,6.1,5.5,5.1,4.6,4.2,3.8,3.5,3.2,2.9
ETH,Ethiopia,,,,,,,242.0,241.5,241.0,241.2,241.1,241.2,241.1,241.0,241.0,241.5,242.1,242.7,243.0,242.8,241.6,239.3,236.0,232.0,227.6,223.4,219.3,215.5,212.0,208.4,204.6,200.2,195.0,188.9,182.0,175.0,168.3,162.0,156.2,150.8,145.1,139.0,132.2,124.8,117.0,109.1,101.3,93.8,86.9,80.8,75.7,71.3,67.7,64.6,61.8,59.2
EUU,European Union,45.0451178761112,42.5089748619964,40.2805717824973,38.428608120247,36.4958133276644,34.7222433575252,33.1999762913714,31.8957199734935,32.664370141363605,31.545599292985703,30.2943993096033,28.945632018359,27.5768299394942,26.285510321503896,25.165552076109094,24.1823113812135,23.143899972871104,22.025561160590506,20.8440012088746,19.7550946184056,18.7841777228043,18.038076090274306,17.2129581261503,16.5268001518134,15.891239573615902,15.3094572887719,14.775615034456804,14.2762719518431,13.766587576752901,13.2184342592357,12.632321198148801,12.018187615637501,11.429221292859399,10.8373866216977,10.2109314444146,9.62356395443458,9.073943272798859,8.603665347216081,8.19128406843905,7.84443690623037,7.540773703557769,7.24228940208644,6.98429507086828,6.73226563715911,6.45878592741937,6.21543479789837,5.97591583742373,5.7367209658373,5.507639804087041,5.3046863388110985,5.11162401363088,4.94857353468542,4.80080572554242,4.687045632620071,4.56155265909081,4.42931396774646
FCS,Fragile and conflict affected situations,,,,,,,,,220.14602087877998,220.639813956275,216.09503195835495,211.658134456777,208.512281606044,204.249468160895,200.21430195308997,195.195944626143,190.909424415086,186.580346807939,182.278157063751,181.316922755947,177.238563148754,173.314641280535,169.521950841548,166.592301389972,162.033018218335,158.92205263959102,156.597369561943,153.91389186997802,151.405420672999,149.001678878414,146.80053485557102,144.638139532972,142.609573699213,140.660539995266,138.728134163,136.800059817298,134.718057940683,132.491981258124,129.98690943539802,127.24626741100599,124.264335720465,121.07415993347799,117.753299343174,114.34560997521002,110.903586306115,107.44374600555,103.984792700012,100.63631356679899,99.0582280897806,94.14760613652001,93.4280914097307,88.23926203133932,85.36204397365421,82.6195955665698,80.0870443960468,77.65932818733421
FIN,Finland,26.8,25.2,23.8,22.5,21.3,20.2,19.3,18.4,17.6,16.9,16.1,15.4,14.6,13.8,13.1,12.2,11.4,10.6,9.9,9.2,8.7,8.2,7.9,7.6,7.4,7.3,7.3,7.2,7.1,6.9,6.7,6.4,6.1,5.8,5.5,5.2,4.9,4.7,4.6,4.4,4.3,4.2,4.1,4.0,3.9,3.8,3.6,3.5,3.3,3.2,3.0,2.9,2.7,2.6,2.4,2.3
FJI,Fiji,71.8,68.7,66.0,63.8,61.7,60.0,58.5,57.3,56.4,55.8,55.3,54.9,54.6,54.2,53.6,52.8,51.6,50.0,48.2,46.1,44.0,42.0,40.0,38.3,36.8,35.4,34.1,33.0,31.8,30.8,29.8,28.8,28.0,27.2,26.6,26.2,25.8,25.4,25.1,24.8,24.5,24.2,23.9,23.7,23.7,23.7,23.8,23.9,24.0,24.0,23.9,23.7,23.5,23.2,22.9,22.4
FRA,France,28.5,27.0,25.7,24.5,23.4,22.3,21.4,20.6,19.9,19.1,18.2,17.4,16.6,15.9,15.4,15.0,14.5,13.9,13.3,12.8,12.4,11.9,11.5,11.1,10.7,10.3,10.0,9.8,9.6,9.3,9.0,8.6,8.1,7.6,7.0,6.5,6.1,5.8,5.6,5.5,5.4,5.3,5.1,4.9,4.7,4.6,4.5,4.4,4.3,4.3,4.3,4.3,4.3,4.4,4.4,4.3
FSM,"Micronesia, Fed. Sts.",,,,,,,,,,,,,,,,,,,,,,57.2,58.0,58.7,59.0,59.0,58.6,58.0,57.1,56.3,55.6,55.2,55.0,55.1,55.3,55.6,55.9,56.0,55.6,54.9,53.9,52.8,51.6,50.2,48.8,47.4,45.9,44.6,43.1,42.0,40.7,39.4,38.2,37.0,35.8,34.7
GAB,Gabon,,,,,,,,,,,,,,,,,,,125.9,121.6,117.3,113.2,109.3,106.0,103.0,100.4,98.2,96.5,95.1,93.9,92.9,92.0,91.3,90.6,89.8,89.1,88.5,87.9,87.2,86.3,85.3,84.0,82.5,80.8,78.8,76.7,74.5,71.9,68.9,66.1,63.3,60.6,57.7,54.8,52.3,50.8
GBR,United Kingdom,26.6,26.1,25.6,24.9,24.2,23.4,22.8,22.2,21.8,21.4,21.0,20.6,20.1,19.4,18.7,18.0,17.2,16.5,15.7,14.9,14.1,13.4,12.7,12.2,11.7,11.4,11.1,10.8,10.4,9.9,9.3,8.7,8.2,7.8,7.4,7.2,7.0,6.9,6.8,6.7,6.6,6.4,6.3,6.3,6.1,6.0,5.9,5.8,5.6,5.4,5.2,5.0,4.8,4.6,4.4,4.2
GEO,Georgia,,,,,,,,,,,,,,,,68.6,66.3,64.3,62.3,60.2,58.3,56.5,54.7,53.2,51.8,50.7,49.8,49.1,48.6,48.1,47.7,47.2,46.6,46.0,45.2,44.3,43.0,41.5,39.8,37.8,35.7,33.4,31.1,28.9,26.7,24.6,22.7,20.9,19.3,17.9,16.6,15.5,14.4,13.4,12.6,11.9
GHA,Ghana,210.9,208.6,206.7,205.0,203.8,203.1,202.9,202.7,202.8,202.5,201.9,200.7,198.5,195.3,191.0,185.9,180.7,175.8,171.6,168.4,166.2,164.6,163.1,161.3,158.5,154.6,149.7,144.1,138.2,132.6,127.4,123.1,119.7,117.1,115.1,113.4,111.6,109.5,106.9,104.0,100.7,97.3,94.2,91.3,88.7,86.5,84.4,82.2,79.9,77.4,74.7,71.9,69.2,66.5,64.0,61.6
GIN,Guinea,,351.3,349.0,346.8,344.3,341.9,339.0,336.2,333.3,330.2,327.2,324.1,320.8,317.5,313.9,310.1,305.9,301.4,296.7,291.9,286.9,282.2,277.4,272.6,267.8,263.1,258.4,253.6,248.8,243.7,238.2,232.4,226.2,219.7,212.9,205.9,199.0,192.0,184.8,177.5,170.2,162.9,155.8,149.0,142.7,136.7,131.2,125.9,121.0,116.3,111.9,107.7,104.0,100.4,97.0,93.7
GMB,"Gambia, The",362.4,356.3,350.3,344.1,338.3,332.4,326.5,320.5,314.6,308.8,302.6,296.4,290.0,283.5,276.9,270.4,263.9,257.5,251.2,244.9,238.5,231.9,225.3,218.3,211.2,204.0,196.8,189.9,183.1,176.6,170.2,164.2,158.5,152.9,147.5,142.4,137.4,132.5,127.9,123.2,118.8,114.5,110.2,106.0,101.9,97.9,94.2,90.6,87.4,84.3,81.4,78.6,76.1,73.6,71.1,68.9
GNB,Guinea-Bissau,,,,,,,,,,,,,,,,,,,,,,,,,,,246.7,242.2,237.5,233.3,229.3,224.9,220.3,215.5,210.4,205.5,200.1,194.6,188.9,183.3,177.5,171.5,165.3,159.0,152.6,146.2,139.9,133.6,127.6,121.6,115.9,110.4,105.2,100.5,96.2,92.5
GNQ,Equatorial Guinea,,,,,,,,,,,,,,,,,,,,,,,,217.5,213.1,209.1,205.1,201.4,197.5,193.6,189.5,185.8,182.0,178.3,174.6,171.2,167.6,163.9,160.1,156.1,152.1,147.9,143.8,139.6,135.4,131.2,126.9,122.7,118.4,114.6,110.9,107.3,103.7,100.3,97.4,94.1
GRC,Greece,55.8,54.4,52.8,51.0,49.3,47.8,46.3,44.6,42.4,40.0,37.6,35.6,34.1,33.1,32.4,31.4,30.1,28.5,26.9,25.1,23.5,21.9,20.6,19.5,18.5,17.4,16.4,15.3,14.3,13.3,12.6,11.9,11.4,10.9,10.5,10.1,9.7,9.3,8.8,8.3,7.8,7.3,6.8,6.3,5.9,5.5,5.2,5.0,4.8,4.8,4.7,4.7,4.7,4.7,4.6,4.6
GRD,Grenada,,,,,,,,,,,,,,,,,,,,,,,,,27.5,27.0,26.5,25.9,25.2,24.3,23.3,22.3,21.2,20.2,19.3,18.5,17.9,17.3,16.8,16.4,16.0,15.6,15.2,14.9,14.5,14.2,14.0,13.7,13.5,13.4,13.2,13.0,12.7,12.5,12.2,11.8
GTM,Guatemala,218.5,214.1,209.9,205.7,201.5,197.1,192.8,188.3,183.8,179.0,174.1,169.0,164.0,159.0,154.0,149.0,144.1,139.2,134.4,129.6,124.8,120.1,115.5,110.9,106.5,102.0,97.6,93.3,89.0,84.9,80.9,77.0,73.3,69.7,66.4,63.3,60.4,57.7,55.1,52.8,50.6,48.6,46.6,44.8,43.1,41.4,39.9,38.4,36.9,35.7,34.5,33.3,32.1,31.1,30.1,29.1
GUY,Guyana,93.3,89.2,85.7,82.8,80.4,78.5,77.0,75.9,74.9,74.3,73.9,73.6,73.4,73.2,73.0,72.7,72.4,72.0,71.5,71.0,70.4,69.8,69.2,68.5,67.7,66.8,65.8,64.7,63.3,61.9,60.4,58.8,57.2,55.6,54.1,52.7,51.4,50.2,49.0,47.8,46.7,45.6,44.8,44.0,43.4,42.8,42.4,42.1,41.9,41.7,41.5,41.4,41.2,40.8,40.2,39.4
HIC,High income,45.7,43.4,41.6,40.5,38.8,37.1,35.4,33.9,32.0,32.2,32.4,31.0,31.8,30.3,29.0,27.9,26.7,25.6,24.6,23.6,22.6,21.6,20.7,20.0,19.2,18.5,17.9,17.3,16.8,16.2,15.6,14.9,14.2,13.5,12.8,12.2,11.6,11.3,11.1,11.1,10.7,10.4,10.1,9.7,9.4,9.0,8.7,8.4,8.2,7.9,7.7,7.6,7.4,7.2,7.0,6.8
HND,Honduras,210.2,203.4,196.8,190.3,184.2,177.8,171.6,165.6,159.6,153.7,147.9,142.2,136.6,131.2,125.7,120.5,115.3,110.3,105.3,100.4,95.7,91.1,86.7,82.5,78.4,74.6,70.9,67.4,64.2,61.1,58.2,55.5,52.9,50.6,48.4,46.4,44.4,42.6,60.0,39.1,37.4,35.8,34.2,32.7,31.3,30.0,28.8,27.6,26.5,25.4,24.4,23.5,22.6,21.8,21.1,20.4
HPC,Heavily indebted poor countries (HIPC),,,,,,264.082205626573,257.325007974394,256.065826387308,249.359679382864,247.277921682602,244.58783011348098,241.90121838692104,239.31575351702702,236.414852497221,233.231360608676,230.13129752847198,226.969292332597,223.689285129575,220.30824868013698,216.87371378371998,213.423096369662,210.005293063872,206.54904724828896,202.911135817904,199.707341863155,196.732364664028,194.006606297781,191.16294361884601,188.392805236598,185.654772785064,182.96883576235402,180.256811910983,177.49560358525503,174.810786015171,173.475985991828,169.63183558032802,165.170423008147,161.868470586823,158.36045720006,153.341463254267,148.308663681774,142.83127083878298,136.953580877185,130.904172151828,124.882712326217,119.033614420147,113.428839467339,107.98285382379801,102.8710050558,98.08755703034849,95.13005399334948,89.590599390455,85.7049685989608,82.25782378332191,79.1168572302159,76.3835877340158
HRV,Croatia,,,,,,,,,,,,,,,,,,,,,,21.9,21.0,20.0,19.1,18.0,17.0,15.8,14.8,13.8,12.9,12.1,11.4,10.9,10.4,10.0,9.6,9.3,8.9,8.6,8.3,8.0,7.7,7.4,7.1,6.8,6.5,6.2,5.9,5.6,5.4,5.1,4.9,4.7,4.5,4.3
HTI,Haiti,291.4,286.6,281.9,277.3,273.0,268.5,263.9,259.2,254.6,249.9,245.1,240.1,234.8,229.4,224.0,218.4,213.0,207.5,202.2,196.9,191.9,186.9,181.9,177.0,172.2,167.6,163.0,158.5,154.2,150.0,145.8,141.7,137.6,133.3,129.1,124.9,120.7,116.5,112.4,108.5,104.8,101.3,98.1,95.1,92.4,90.0,87.7,85.5,83.3,81.2,208.8,77.2,75.2,73.1,71.0,69.0
HUN,Hungary,58.9,56.1,54.4,52.7,50.8,48.9,47.4,46.2,45.0,43.7,42.7,42.3,42.2,42.0,41.2,39.2,35.9,32.3,29.4,27.5,26.2,25.1,24.2,23.9,24.1,24.0,23.0,21.5,20.2,19.6,19.1,18.3,17.2,15.9,14.7,13.8,13.1,12.6,12.2,11.7,11.2,10.5,9.8,9.2,8.7,8.3,7.9,7.5,7.2,6.8,6.6,6.4,6.3,6.2,6.1,5.9
IDN,Indonesia,222.4,216.5,210.7,205.1,199.5,193.9,188.2,182.5,176.8,171.1,165.6,160.3,155.1,150.1,145.3,140.8,136.5,132.4,128.5,124.8,121.1,117.5,113.9,110.3,106.7,103.1,99.5,95.9,92.2,88.4,84.7,80.9,77.1,73.6,70.1,66.7,63.6,60.5,57.6,54.9,52.3,49.8,47.6,45.4,49.3,41.4,39.6,37.9,36.2,34.7,33.1,31.7,30.4,29.3,28.2,27.2
IND,India,247.7,243.7,240.0,236.3,232.9,229.6,226.3,223.1,219.8,216.6,213.3,209.9,206.1,202.2,197.9,193.4,188.6,183.4,178.2,172.8,167.6,162.6,157.9,153.5,149.2,145.2,141.2,137.3,133.4,129.5,125.8,122.2,118.8,115.4,112.1,108.7,105.3,101.9,98.3,94.8,91.2,87.7,84.3,81.0,77.7,74.6,71.5,68.5,65.6,62.7,59.9,57.2,54.5,52.1,49.8,47.7
IRL,Ireland,35.3,33.9,32.5,31.3,30.1,28.6,27.0,25.5,24.1,23.0,22.2,21.7,21.4,21.1,20.6,20.0,19.1,18.0,16.8,15.5,14.3,13.3,12.4,11.7,11.1,10.7,10.4,10.1,9.9,9.6,9.2,8.6,8.1,7.7,7.4,7.3,7.3,7.3,7.3,7.3,7.1,6.9,6.5,6.1,5.6,5.2,4.9,4.6,4.5,4.3,4.2,4.1,4.0,3.8,3.7,3.6
IRN,"Iran, Islamic Rep.",,,,,,,,,,,,186.6,178.2,170.2,162.0,153.7,145.2,136.4,127.4,118.5,109.9,101.9,94.6,88.2,82.5,77.4,72.8,68.5,64.5,60.8,57.5,54.5,51.9,49.6,47.4,45.3,43.2,41.1,38.9,36.8,34.7,32.7,30.8,29.0,27.3,25.7,24.2,22.8,21.4,20.2,19.2,18.3,17.5,16.8,16.1,15.5
IRQ,Iraq,195.7,184.5,174.2,164.6,155.8,147.7,140.1,133.2,126.7,120.6,115.0,109.7,104.7,99.8,95.2,90.8,86.8,83.0,79.5,76.3,73.3,70.6,68.0,65.7,63.6,61.6,59.7,58.1,56.6,55.3,54.1,53.0,51.9,51.0,50.0,49.1,48.2,47.4,46.5,45.6,44.7,43.8,43.0,42.3,41.5,40.7,39.9,39.1,38.3,37.5,36.6,35.7,34.8,33.9,32.9,32.0
ISL,Iceland,21.4,21.1,20.7,20.2,19.7,19.1,18.5,17.8,17.1,16.5,15.8,15.2,14.6,14.0,13.4,12.8,12.2,11.5,10.9,10.3,9.8,9.2,8.8,8.4,8.0,7.7,7.4,7.1,6.9,6.6,6.4,6.2,5.9,5.7,5.5,5.2,5.0,4.7,4.5,4.2,4.0,3.8,3.6,3.4,3.3,3.1,2.9,2.8,2.7,2.5,2.4,2.3,2.2,2.1,2.1,2.0
ISR,Israel,,,,,,,,,,,,,,,29.2,26.2,23.8,21.8,20.2,19.0,18.0,17.3,16.6,16.0,15.2,14.4,13.7,13.1,12.5,12.1,11.6,11.1,10.5,9.9,9.2,8.7,8.2,7.8,7.5,7.2,6.9,6.6,6.4,6.1,5.8,5.6,5.3,5.1,4.9,4.7,4.6,4.4,4.3,4.2,4.1,4.0
ITA,Italy,52.0,49.8,47.6,45.4,43.1,41.1,39.3,37.8,36.4,35.1,33.6,31.8,29.8,27.6,25.3,23.1,21.1,19.5,18.1,17.0,16.1,15.2,14.3,13.5,12.7,12.0,11.3,10.8,10.4,10.0,9.7,9.3,8.9,8.5,8.0,7.5,7.0,6.6,6.2,5.9,5.5,5.2,5.0,4.7,4.5,4.4,4.3,4.2,4.1,4.1,4.0,3.9,3.8,3.7,3.6,3.5
JAM,Jamaica,84.4,80.8,77.5,74.5,71.8,69.2,66.8,64.5,62.3,60.0,57.8,55.5,53.3,51.2,49.3,47.6,46.0,44.5,43.1,41.9,40.7,39.5,38.4,37.3,36.3,35.3,34.3,33.3,32.4,31.5,30.6,29.6,28.7,27.8,26.9,26.0,25.1,24.3,23.4,22.7,22.0,21.4,20.9,20.4,20.0,19.7,19.5,19.2,18.9,18.5,18.1,17.6,17.2,16.7,16.2,15.7
JOR,Jordan,156.4,147.3,138.8,131.0,123.8,117.1,110.9,105.1,99.7,94.7,90.1,85.7,81.6,77.7,74.1,70.6,67.3,64.2,61.3,58.5,55.9,53.4,51.0,48.7,46.6,44.6,42.7,40.9,39.3,37.9,36.6,35.4,34.3,33.3,32.4,31.5,30.7,29.9,29.1,28.4,27.7,26.9,26.2,25.5,24.8,24.1,23.4,22.7,22.1,21.5,20.8,20.2,19.6,19.0,18.5,17.9
JPN,Japan,39.7,36.2,32.8,29.7,27.0,24.6,22.6,21.0,19.6,18.5,17.5,16.5,15.7,14.9,14.1,13.3,12.5,11.8,11.1,10.5,9.9,9.3,8.8,8.3,7.9,7.5,7.1,6.8,6.6,6.4,6.3,6.2,6.1,6.0,5.9,5.7,5.5,5.2,5.0,4.7,4.5,4.3,4.1,4.0,3.9,3.7,3.6,3.5,3.4,3.3,3.2,3.4,3.0,2.9,2.8,2.7
KAZ,Kazakhstan,,,,,,,,,,,,84.5,82.6,80.8,79.3,77.8,76.4,75.0,73.6,72.0,70.2,68.1,65.9,63.6,61.5,59.4,57.5,55.8,54.4,53.3,52.6,52.4,52.7,52.9,53.1,52.7,51.8,50.1,48.1,45.9,43.6,41.2,39.0,36.8,34.7,32.5,30.3,28.1,25.9,23.7,21.6,19.6,17.9,16.4,15.1,14.1
KEN,Kenya,199.2,190.6,183.1,176.7,171.2,166.6,162.6,159.0,155.5,152.0,148.3,144.7,141.0,137.2,133.1,129.0,124.8,120.5,116.3,112.4,108.7,105.3,102.3,99.8,97.9,96.8,96.3,96.7,97.9,99.8,102.3,105.2,108.2,111.1,113.4,114.8,115.4,114.9,113.4,111.0,107.9,104.1,99.9,95.4,90.6,85.5,80.7,76.1,70.1,65.8,62.1,58.5,55.6,53.4,51.3,49.4
KGZ,Kyrgyz Republic,,,,,,,,,,,,,,,,112.6,110.0,107.6,105.2,102.4,99.5,96.0,92.2,87.9,83.5,79.1,75.0,71.4,68.4,66.2,65.0,64.7,64.5,64.1,63.0,61.3,58.9,56.3,53.7,51.1,48.7,46.4,44.4,42.5,40.8,39.3,37.9,36.3,34.4,32.3,30.0,27.8,25.7,24.0,22.6,21.3
KHM,Cambodia,,,,,,,,,,,,,,,,310.0,285.6,261.9,235.9,207.8,181.4,159.1,142.0,130.4,124.1,121.2,119.6,118.4,117.6,117.4,117.3,117.4,117.8,118.6,120.0,121.5,122.6,122.5,120.4,115.7,108.3,98.7,88.3,78.8,71.3,65.4,60.4,55.8,51.5,47.3,43.1,39.3,35.8,32.9,30.6,28.7
KIR,Kiribati,,,,180.5,173.5,167.0,160.7,154.8,149.5,144.4,140.0,136.0,132.5,129.8,127.7,126.0,124.8,124.0,123.3,122.9,122.3,121.7,120.7,119.3,117.4,114.9,111.9,108.3,104.3,100.1,96.0,92.2,89.0,86.2,83.8,81.6,79.4,77.3,75.1,72.8,70.6,68.5,66.9,65.7,65.1,64.8,64.8,64.8,64.5,63.9,62.9,61.7,60.4,58.9,57.4,55.9
KNA,St. Kitts and Nevis,,,,,,,,,,,69.4,67.2,65.1,63.1,61.2,59.6,58.0,56.5,54.9,53.0,50.9,48.5,45.9,43.2,40.5,38.0,35.7,33.5,31.6,29.9,28.4,27.1,25.9,24.8,23.8,22.9,22.0,21.1,20.2,19.4,18.6,17.8,17.1,16.4,15.8,15.2,14.6,14.0,13.5,13.0,12.5,12.1,11.7,11.3,10.9,10.5
KOR,"Korea, Rep.",112.9,106.5,100.8,95.1,89.5,83.8,77.8,71.7,65.4,59.0,52.8,46.8,41.2,35.9,31.2,27.1,23.5,20.4,17.9,15.9,14.3,13.1,12.2,11.4,10.7,10.0,9.3,8.6,8.0,7.5,7.1,6.8,6.4,6.1,5.8,5.5,5.3,5.3,5.5,5.8,6.1,6.4,6.5,6.4,6.0,5.6,5.2,4.8,4.5,4.3,4.1,4.0,3.8,3.7,3.6,3.4
KWT,Kuwait,146.9,136.6,126.9,117.9,109.1,101.1,93.7,87.0,81.1,75.8,70.9,66.5,62.3,58.4,54.8,51.4,48.2,45.1,42.1,39.1,36.1,33.2,30.2,27.4,25.0,23.1,21.7,20.6,19.6,18.8,17.9,19.9,16.3,15.7,15.2,14.7,14.2,13.8,13.3,12.9,12.7,12.5,12.3,12.1,11.9,11.7,11.6,11.5,11.3,11.1,10.8,10.3,9.9,9.4,9.0,8.6
LAC,Latin America & Caribbean (developing only),176.8,172.2,167.8,152.5,148.6,144.4,140.9,137.6,134.2,130.8,127.2,123.5,119.6,115.9,112.3,108.9,105.5,102.2,98.8,95.1,91.4,87.5,83.6,79.7,76.1,72.8,69.6,66.5,63.7,61.0,58.4,55.9,53.3,50.8,48.2,45.7,43.2,40.7,38.8,36.1,34.0,32.1,30.3,28.7,27.3,26.0,24.9,24.0,23.1,22.3,25.7,20.9,20.3,19.7,19.2,18.8
LAO,Lao PDR,,,,,,,,,,,,,,,,,,,208.3,204.2,200.3,196.6,192.9,189.2,185.5,181.8,178.1,174.3,170.5,166.4,162.4,158.2,153.8,149.3,144.7,140.1,135.5,130.9,126.4,122.0,117.7,113.4,109.2,105.1,101.1,97.2,93.5,89.8,86.2,82.8,79.7,76.7,74.0,71.3,69.1,66.7
LBN,Lebanon,77.4,75.1,72.9,70.9,69.1,67.6,66.3,65.2,64.2,63.4,62.7,61.9,61.2,60.5,59.6,58.6,57.4,56.0,54.5,52.9,51.2,49.4,47.5,45.6,43.6,41.6,39.6,37.7,35.9,34.1,32.5,31.0,29.6,28.3,27.0,25.8,24.6,23.5,22.3,21.2,20.0,18.8,17.6,16.4,15.2,14.1,13.0,12.1,11.3,10.7,10.1,9.7,9.3,8.9,8.6,8.3
LBR,Liberia,316.3,316.4,315.4,314.0,311.7,308.8,305.6,301.4,296.8,291.6,286.3,281.2,276.2,271.3,266.1,261.2,256.8,252.3,248.4,244.6,241.1,238.0,235.6,234.0,233.7,235.0,237.8,242.1,246.9,251.5,255.0,256.7,255.4,251.6,245.5,237.4,227.7,217.1,205.8,193.9,181.8,169.7,157.6,145.9,134.8,124.7,115.7,107.8,100.9,94.7,89.3,84.5,80.3,76.3,72.9,69.9
LBY,Libya,281.5,263.4,246.7,230.7,215.2,200.6,186.6,173.2,160.5,148.7,137.8,127.6,118.3,109.9,102.3,95.5,89.4,84.0,79.1,74.8,70.8,67.2,63.7,60.5,57.3,54.4,51.6,48.9,46.3,43.9,41.6,39.5,37.6,35.9,34.4,33.1,31.9,30.8,29.9,29.0,28.1,27.3,26.5,25.5,24.4,23.1,21.7,20.2,18.8,17.6,16.6,17.6,15.1,14.5,13.9,13.4
LCA,St. Lucia,,,,,,,,,,,75.5,68.7,62.3,56.5,51.2,46.5,42.6,39.4,37.0,35.1,33.5,32.2,31.0,29.8,28.6,27.3,26.1,24.9,24.0,23.2,22.6,22.1,21.6,21.2,20.6,20.1,19.6,19.0,18.6,18.2,17.8,17.6,17.4,17.3,17.2,17.1,17.0,16.8,16.6,16.3,16.1,15.8,15.4,15.1,14.7,14.3
LCN,Latin America & Caribbean (all income levels),168.912622397852,164.323495345908,160.016842511638,147.27913559028,143.61719922166202,139.58983192946502,136.101289421178,132.713412566354,129.28132316930999,123.17897893716601,119.90570549263,116.51690916815001,113.071744587978,109.72745952430799,106.38810314611601,103.011478623072,99.55346163740101,95.94843703195922,92.29818434656721,88.51555058167361,84.74961147582391,80.9671398411085,77.2989890400243,73.8049631741567,70.53068032982459,67.45057880009149,64.5426834338579,61.756363805835115,59.1469433330931,56.66717642132811,54.2525928461131,51.877209599608896,49.51441122248861,47.17589159629661,44.8383282681077,42.5313293082215,40.2709138156597,38.068525723962296,36.29887273126,34.1607001223587,32.0278942068932,30.291366580309802,28.671115693129305,27.226715162740803,25.9223944211062,24.699316754541698,23.660048303203503,22.757848999087702,21.926827483175398,21.1771188895686,23.6645943163129,19.8668561873523,19.3010543850789,18.7790512101583,18.352882175825602,17.964144031427
LDC,Least developed countries: UN classification,,,,,,,259.955189195765,258.006303192138,246.233345819249,244.258248872444,241.71501261574295,239.254095045659,236.95637236045602,234.34325679190601,231.479182301609,230.117058664286,226.509402288758,222.66816380037895,218.511344530966,215.37174427397701,211.63855412637,207.45910565171002,203.349795637342,199.28832417169602,195.591997317426,192.157465733274,188.96341503474704,185.65787387861096,182.394473359721,179.117689112174,175.886066197191,172.60681695441502,169.281109291842,166.020715538398,163.831869333057,159.77258659119,155.257070210426,151.682389698097,147.783180016724,143.106263734446,138.306955905662,133.225320792824,127.86566838941098,122.44974859410601,117.087428788435,111.899225250331,106.893396054214,102.024131259711,98.31546770423999,93.09037882709039,90.30131188968141,85.31332924284929,81.7324455469613,78.5629898052612,75.67550510279641,73.1110120787921
LIC,Low income,,,,,,284.0,271.9,270.4,262.4,259.1,256.6,254.2,251.7,249.1,246.0,245.6,241.9,238.0,234.0,231.3,227.2,223.2,218.9,214.1,210.1,200.4,197.1,194.4,192.0,189.7,187.2,184.6,181.6,178.4,176.3,172.1,167.6,164.0,160.0,155.0,149.6,143.9,137.7,131.4,125.3,119.3,113.7,108.2,103.0,98.2,95.6,89.5,85.5,81.9,78.8,76.1
LKA,Sri Lanka,101.1,96.6,92.3,88.4,84.9,81.8,78.9,76.5,74.4,72.6,71.1,69.7,68.5,67.1,65.5,63.6,61.4,58.9,56.1,53.1,49.8,46.2,42.3,38.3,34.2,30.3,26.9,24.2,22.5,21.5,21.2,21.3,21.3,21.1,20.7,20.2,19.5,18.7,17.9,17.0,16.3,15.8,15.4,15.1,28.9,14.0,13.2,12.5,11.8,11.3,10.9,10.6,10.4,10.2,10.0,9.8
LMC,Lower middle income,241.4,236.2,231.2,227.8,224.7,220.3,216.2,212.2,207.8,204.0,200.2,193.8,189.7,185.5,181.2,176.5,172.1,167.7,163.5,158.8,154.6,150.4,146.4,142.6,138.9,135.4,132.0,128.7,125.6,122.5,119.5,116.7,114.1,111.5,108.9,106.3,103.8,101.2,98.5,95.6,92.6,89.5,86.3,83.2,80.6,77.1,74.3,71.6,69.4,66.4,63.9,61.4,59.0,56.8,54.7,52.8
LMY,Low & middle income,231.5,228.1,223.3,216.1,213.9,209.9,206.5,203.2,198.2,171.2,167.1,162.4,158.8,155.3,151.7,148.8,145.6,142.4,139.3,136.3,133.0,129.6,125.9,122.4,118.5,114.9,111.7,108.6,105.9,103.6,101.8,100.2,99.1,98.3,97.6,96.3,94.9,93.1,90.7,88.0,85.2,82.3,79.2,76.2,73.4,70.3,67.5,64.9,62.7,60.0,58.0,55.3,53.0,50.8,48.9,47.3
LSO,Lesotho,191.9,190.4,189.7,189.4,189.1,188.5,187.4,185.5,182.8,179.3,175.2,170.9,166.3,161.4,156.3,150.8,144.9,138.7,132.5,126.4,120.5,114.9,109.6,105.0,100.9,97.4,94.4,92.1,90.2,88.9,88.1,87.9,88.7,90.8,94.3,98.9,103.7,107.9,111.4,114.3,116.8,118.6,120.4,122.0,123.0,123.4,123.2,119.3,116.5,106.5,100.7,96.8,94.1,93.6,92.0,90.2
LTU,Lithuania,,,,,,,,30.2,29.2,27.1,25.0,23.7,23.3,23.6,24.2,24.8,25.0,24.7,24.0,23.2,22.4,21.7,21.2,20.7,20.1,19.2,17.9,16.7,15.9,15.8,16.5,18.0,19.7,20.0,18.6,16.5,14.8,13.6,12.8,12.2,11.8,11.3,10.9,10.5,10.2,9.9,9.5,8.8,8.1,7.4,6.7,6.1,5.6,5.3,5.2,5.2
LUX,Luxembourg,,,,,29.2,28.1,27.0,25.9,24.7,23.6,22.4,21.1,20.0,18.8,17.7,16.7,15.8,15.1,14.4,13.8,13.3,12.9,12.5,12.0,11.6,11.2,10.7,10.2,9.8,9.3,8.8,8.3,7.7,7.3,6.8,6.4,6.0,5.7,5.4,5.1,4.8,4.6,4.3,4.1,3.8,3.5,3.3,3.0,2.8,2.6,2.4,2.3,2.1,2.0,2.0,1.9
LVA,Latvia,,,,,,,,,,,,,,,,,,,,25.0,24.9,24.7,24.3,23.6,22.4,21.0,19.6,18.6,18.3,19.0,20.4,22.0,23.2,23.8,24.0,23.7,22.9,21.6,20.1,18.6,17.2,16.0,15.1,14.3,13.4,12.5,11.8,11.1,10.5,9.9,9.4,9.0,8.7,8.4,8.2,7.9
MAR,Morocco,239.4,234.5,229.6,224.5,219.3,214.1,208.7,203.4,198.1,193.2,188.7,184.4,180.4,176.1,171.4,166.2,160.4,154.1,147.4,140.6,133.8,127.2,120.8,114.6,108.6,103.0,97.7,92.7,88.1,84.0,80.1,76.5,73.0,69.7,66.4,63.3,60.3,57.5,54.8,52.3,50.0,47.9,45.8,43.9,42.1,40.4,38.8,37.3,35.8,34.5,33.1,31.9,30.7,29.7,28.6,27.6
MCO,Monaco,,,,,,,,,,,,,,,,,,,,,,,,,,,,,,8.1,7.8,7.4,7.1,6.8,6.5,6.2,6.0,5.8,5.5,5.3,5.2,5.0,4.8,4.7,4.6,4.5,4.4,4.3,4.2,4.1,4.0,3.9,3.8,3.7,3.6,3.5
MDA,Moldova,,,,,,,,,,,,65.0,63.2,61.4,59.6,57.9,56.2,54.6,53.0,51.6,50.3,48.8,47.0,45.1,42.9,40.7,38.5,36.5,34.8,33.6,33.1,33.3,34.2,35.6,37.0,38.1,38.4,37.8,36.3,34.0,31.3,28.3,25.4,23.0,21.1,19.7,18.7,18.1,17.7,17.4,17.2,16.9,16.7,16.4,16.1,15.8
MDG,Madagascar,,,,,,,,,148.6,150.2,151.9,153.7,155.7,158.2,161.0,163.5,165.9,168.0,170.1,172.2,174.6,177.6,180.3,182.4,183.1,182.4,180.1,176.5,171.7,166.2,160.7,155.8,151.3,147.1,142.9,138.4,133.4,127.7,121.7,115.5,109.2,103.1,97.2,91.5,85.9,80.6,75.4,70.8,66.7,63.3,60.3,57.8,55.5,53.4,51.5,49.6
MDV,Maldives,,,,323.5,315.0,306.6,297.9,289.0,279.8,270.5,260.9,250.5,239.5,227.9,215.9,204.4,193.4,183.0,173.2,163.9,155.3,147.3,140.0,133.1,126.6,120.3,114.5,108.9,103.7,98.8,94.1,89.5,85.1,80.4,75.7,70.8,65.8,60.5,55.2,49.8,44.4,39.2,34.3,29.9,28.8,22.8,20.1,17.8,16.0,14.4,13.0,11.8,10.7,9.9,9.2,8.6
MEA,Middle East & North Africa (all income levels),,,242.82862952152598,248.12503734956002,240.97755794740002,234.17563480334,227.75187922194198,221.604731399636,215.70837032451095,209.908404920483,204.352852910961,196.14971014249,188.382408924741,181.576322646604,172.445382918306,164.422365421998,156.69527513927,148.702665339475,140.589058382768,132.466132236904,124.338264323258,116.268422543809,108.31839770233101,100.725757574847,93.5566627583358,87.0503906436959,81.39501239574021,76.4947285391706,72.27942199042391,68.6920632586971,65.5698063200027,62.8116475524608,60.200896487045604,57.7675254144049,55.3639574320616,53.076890251819705,50.8341865338039,48.71883802546501,46.615264180754394,44.626209431834795,42.7013778738577,40.8279471364845,39.0455203299096,37.3418587739577,35.715415980362295,34.1859123980367,32.7230371462351,31.3480849255145,30.0105428191717,28.815148674858108,27.6527902666714,26.659873551744,25.763793364495506,24.9185405787926,24.0760319684803,23.3402683092553
MEX,Mexico,,,,129.7,127.3,124.6,122.0,119.1,115.8,112.3,108.6,104.9,101.1,97.7,94.5,91.5,88.6,85.6,82.4,78.8,75.1,71.3,67.6,64.3,61.4,58.7,56.2,53.8,51.4,49.0,46.6,44.1,41.7,39.4,37.2,35.0,33.0,31.0,29.1,27.3,25.6,24.1,22.6,21.4,20.4,19.5,18.9,18.4,17.9,17.4,16.8,16.0,15.3,14.5,13.8,13.2
MHL,Marshall Islands,129.0,123.7,118.6,114.0,109.4,105.0,101.1,97.3,93.7,90.5,87.5,84.7,82.4,80.4,78.7,77.3,76.0,74.7,73.5,72.1,70.5,68.8,66.9,64.9,62.8,60.7,58.7,56.6,54.5,52.4,50.3,48.3,46.4,44.8,43.4,42.5,41.9,41.6,41.5,41.5,41.4,41.3,41.1,40.7,40.4,40.2,39.9,39.7,39.5,39.3,39.1,38.8,38.3,37.8,37.0,36.0
MIC,Middle income,224.9,219.8,215.1,206.9,204.8,200.4,196.5,192.7,188.0,161.5,157.3,152.6,148.6,144.9,141.1,137.5,134.1,130.8,127.7,124.3,121.1,117.7,114.1,110.5,106.7,103.4,100.2,97.2,94.5,92.2,90.2,88.6,87.3,86.3,85.3,84.0,82.6,80.7,78.4,75.8,73.3,70.7,68.1,65.5,63.2,60.5,58.1,56.0,54.3,52.0,49.9,48.0,46.0,44.1,42.3,40.9
MKD,"Macedonia, FYR",,,,,,,,,,,,,,,,,,,,,,56.5,55.0,53.0,50.8,49.5,48.8,47.3,43.9,39.7,36.6,35.0,33.5,31.1,27.8,24.6,21.8,19.6,18.1,16.9,16.0,15.2,14.5,14.2,14.0,13.7,13.2,12.5,11.8,11.0,9.9,8.6,7.4,6.6,6.0,5.5
MLI,Mali,,,,443.5,435.8,428.5,421.8,415.4,409.8,404.6,400.0,395.4,390.3,384.0,376.6,368.3,359.4,350.4,341.4,332.9,324.7,317.0,308.9,300.7,292.6,285.0,277.9,271.3,265.2,259.5,254.4,250.0,246.6,243.9,242.0,240.0,237.9,235.3,231.7,226.4,219.6,211.2,201.8,191.8,181.7,171.8,162.9,155.1,148.3,142.0,136.6,131.7,127.0,122.7,118.3,114.7
MLT,Malta,40.7,39.1,37.7,36.5,35.4,34.3,33.1,31.8,30.5,29.2,27.8,26.5,25.1,23.9,22.6,21.4,20.3,19.3,18.4,17.6,16.9,16.3,15.7,15.1,14.5,13.9,13.3,12.7,12.2,11.7,11.3,10.9,10.5,10.2,9.8,9.4,9.1,8.7,8.4,8.1,7.8,7.5,7.3,7.2,7.0,7.0,6.9,6.8,6.8,6.8,6.7,6.7,6.7,6.6,6.5,6.4
MMR,Myanmar,,,,,,,,,187.5,183.3,179.2,175.2,171.2,167.1,163.2,159.1,155.3,151.2,147.3,143.6,140.0,136.7,133.4,130.3,127.2,124.3,121.3,118.5,115.6,112.7,109.9,107.0,104.1,101.1,98.2,95.4,92.7,90.0,87.4,84.8,82.3,79.9,77.5,75.2,72.8,70.5,68.1,65.8,87.2,61.4,59.3,57.2,55.3,53.5,51.7,50.0
MNA,Middle East & North Africa (developing only),259.5,252.3,245.7,248.9,240.9,233.8,227.4,221.6,216.3,211.1,205.8,197.3,190.9,184.1,177.0,168.8,161.1,153.1,145.0,136.8,128.5,120.2,111.8,103.8,96.3,89.7,83.9,79.0,74.9,71.4,68.4,65.8,63.3,61.0,58.7,56.5,54.2,51.9,49.5,47.3,45.2,43.2,41.4,39.7,38.1,36.5,34.9,33.4,31.9,30.5,29.3,28.2,27.3,26.4,25.4,24.7
MNE,Montenegro,,,,,,,,,,,,,,,,,,,,,,,,,26.9,24.6,22.4,20.5,18.9,17.6,16.6,16.0,15.6,15.3,15.2,15.1,15.0,14.9,14.6,14.3,13.8,13.2,12.6,11.9,11.1,10.4,9.6,8.9,8.1,7.4,6.8,6.2,5.7,5.3,5.0,4.7
MNG,Mongolia,,,,,,,,,,,,,,,,,,,179.9,172.7,165.9,159.4,153.3,147.4,141.5,135.8,130.0,124.2,118.5,113.1,107.8,102.8,98.0,93.4,89.0,84.6,80.3,75.9,71.5,67.1,62.7,58.4,54.3,50.4,46.8,43.4,40.3,37.4,34.8,32.3,30.0,28.0,26.2,24.7,23.5,22.4
MOZ,Mozambique,,,,,,278.0,277.2,275.9,274.9,273.7,272.6,271.5,270.4,269.4,268.3,266.7,265.7,264.4,263.4,262.5,261.8,261.0,259.8,258.3,256.2,253.8,251.2,248.5,245.7,242.8,239.7,236.4,232.4,227.7,222.0,215.2,207.4,198.8,189.5,180.1,171.1,162.5,154.5,147.1,140.2,133.8,127.8,120.1,113.6,107.6,102.8,97.5,90.9,85.6,81.2,78.5
MRT,Mauritania,255.9,249.0,242.0,235.2,228.5,222.0,215.5,208.8,202.6,197.5,193.9,191.5,190.2,189.3,188.0,185.5,182.0,178.0,173.4,168.6,164.1,159.5,154.9,150.0,144.8,139.2,133.7,128.6,124.3,120.7,118.1,116.2,114.9,114.3,113.9,113.8,113.9,113.9,113.9,113.6,113.5,113.1,112.9,112.4,111.4,109.8,107.9,105.5,103.0,100.4,97.8,95.4,92.7,90.2,87.5,84.7
MUS,Mauritius,102.1,98.6,93.4,87.0,83.6,86.4,92.7,96.1,92.7,86.9,82.9,81.0,79.4,76.9,72.3,65.2,57.4,50.8,46.2,42.9,40.3,37.7,34.7,31.3,28.9,28.4,29.0,28.8,27.1,24.9,23.1,21.8,21.2,21.2,21.6,22.2,22.7,22.6,21.6,20.2,18.6,17.1,16.1,15.6,15.6,15.7,15.9,16.0,15.8,15.5,15.2,14.9,14.6,14.3,13.9,13.5
MWI,Malawi,,,,,357.2,355.7,354.0,352.9,351.8,349.9,347.0,342.3,335.9,327.8,318.8,309.4,299.0,287.7,276.6,266.0,256.7,249.2,244.4,242.7,244.6,248.4,252.0,253.1,251.8,248.1,242.4,235.0,226.8,219.0,212.6,207.5,203.0,198.7,193.1,185.0,174.4,161.7,148.0,135.2,124.6,116.2,109.9,104.9,100.0,95.4,90.9,84.5,77.3,71.3,66.9,64.0
MYS,Malaysia,92.8,87.7,82.9,78.5,74.5,70.8,67.3,64.2,61.3,58.5,55.8,53.1,50.5,47.8,45.1,42.5,39.9,37.4,35.0,32.7,30.5,28.5,26.6,24.8,23.2,21.8,20.5,19.4,18.3,17.4,16.6,15.8,15.1,14.4,13.9,13.3,12.9,12.4,11.8,11.0,10.2,9.4,8.9,8.5,8.3,8.2,8.1,8.0,8.0,8.0,8.0,7.9,7.7,7.5,7.2,7.0
NAC,North America,30.3423813379246,29.7045976807216,29.0561992579914,28.4072489035468,27.7485274280304,27.1,26.3618008160034,25.6337423209229,24.8060340040437,23.997117957133398,23.1785456823595,22.268835713383197,21.3492525657163,20.448185036129,19.5374880170785,18.626819545575,17.716473237446802,16.906662470462198,16.097537300153903,15.379596361961301,14.762590428127,14.155856905201,13.6495262678363,13.143307596531699,12.737008837815699,12.4303716850107,12.132094621837599,11.924284299860599,11.624901897894599,11.3340510564464,10.9431735956796,10.6437838716941,10.2538205707079,9.86452637414318,9.57586085281771,9.27926502457502,8.99171958270803,8.70422004218331,8.516369926832759,8.42005759780809,8.23076942582189,8.14032363751756,8.048774895486,7.94870365569387,7.94774876659395,7.85366206812981,7.75125626326403,7.6483652371276705,7.54523235263495,7.35036817106091,7.24756472984833,7.04521576949474,6.94344793049609,6.75110068426821,6.55072198826404,6.35972868854949
NAM,Namibia,,,,,,,,96.1,96.2,96.4,96.7,97.0,97.2,97.5,97.8,98.1,98.4,98.6,98.6,98.4,97.7,96.5,94.7,92.5,89.8,87.0,83.9,81.1,78.3,75.7,73.5,71.7,70.4,69.7,69.7,70.2,71.2,72.4,73.7,74.9,75.7,76.0,75.8,75.2,73.9,71.7,68.4,64.0,60.1,56.7,53.8,51.6,49.9,47.7,46.4,45.4
NER,Niger,,,,,,,,315.1,318.8,322.9,327.0,330.9,334.3,337.0,338.0,337.1,334.6,330.5,326.0,322.0,319.6,319.1,321.0,324.5,328.9,332.9,335.8,336.9,335.7,332.9,328.2,321.9,313.7,303.8,292.2,279.5,267.1,255.9,245.8,236.4,227.3,217.6,207.0,195.7,184.1,172.7,161.8,151.3,141.3,132.1,123.6,116.1,109.6,104.1,99.6,95.5
NGA,Nigeria,,,,,327.5,320.5,313.8,307.0,300.0,292.6,284.9,277.1,268.9,260.4,252.3,244.3,236.8,229.9,223.8,218.6,214.4,211.5,209.6,208.9,208.8,209.5,210.6,211.5,212.2,212.6,212.5,212.2,211.7,211.0,209.7,207.8,205.1,201.4,197.0,192.0,186.8,181.3,175.6,169.9,164.1,158.1,152.2,146.4,140.9,135.5,130.3,125.5,120.9,116.6,112.5,108.8
NIC,Nicaragua,199.3,197.0,194.8,192.5,190.0,187.6,184.9,182.0,178.8,175.2,171.4,167.2,162.4,157.1,151.1,144.7,137.8,130.5,123.2,116.0,109.1,102.7,96.8,91.5,86.8,82.7,78.9,75.6,72.6,69.7,66.9,64.0,61.2,58.3,55.5,52.7,50.0,47.4,50.3,42.5,40.3,38.3,36.4,34.7,33.2,31.7,30.4,29.2,28.1,27.1,26.1,25.2,24.4,23.5,22.8,22.1
NLD,Netherlands,20.8,20.3,19.7,19.3,18.8,18.3,17.9,17.4,16.9,16.4,15.8,15.3,14.7,14.1,13.6,13.1,12.6,12.1,11.6,11.2,10.9,10.6,10.4,10.2,9.9,9.7,9.5,9.2,8.9,8.6,8.3,8.0,7.7,7.4,7.1,6.9,6.7,6.5,6.4,6.3,6.2,6.1,5.9,5.7,5.6,5.4,5.2,5.0,4.8,4.6,4.4,4.3,4.2,4.0,3.9,3.8
NOC,High income: nonOECD,,,,,,,,,,,53.76606215189079,52.06977141878721,59.6578068821047,57.5385464417025,55.4475907416197,53.51002811545701,51.5177851062218,49.472053955281886,47.485214260706904,45.2475478743374,43.3434981280376,41.3449914982171,39.682380455227296,38.6396903745605,37.2478959786467,35.8263482066985,34.350531770852896,32.8627116524172,31.455791419436196,30.170622691821297,29.1432859959295,28.340087637773298,27.6601666203195,27.044575871669107,26.4303415309008,25.790016649709607,24.983401394748807,24.216748496382397,23.4373211112459,23.445644596234693,21.814877469155608,20.975866766748602,20.145024198037106,19.259713078112107,18.3841907426092,17.4941011808262,16.660054798155,15.892954804443299,15.2506787585759,14.6645069417849,14.121867013276301,13.634301468466802,13.1389185599241,12.7025106068665,12.2536253804757,11.892494807711303
NOR,Norway,22.6,22.1,21.5,21.0,20.4,19.7,19.0,18.2,17.5,16.9,16.2,15.6,15.0,14.3,13.6,12.9,12.2,11.5,10.9,10.4,10.1,9.9,9.9,10.0,10.1,10.2,10.3,10.1,9.8,9.3,8.7,7.9,7.2,6.6,6.1,5.7,5.4,5.2,5.1,5.0,4.9,4.7,4.5,4.4,4.2,4.0,3.9,3.7,3.5,3.4,3.2,3.1,3.0,2.8,2.7,2.6
NPL,Nepal,327.1,323.0,318.1,312.6,306.5,300.0,293.1,286.3,279.8,273.6,267.6,261.8,256.2,250.8,245.3,239.8,234.2,228.3,222.2,215.8,209.4,202.9,196.3,189.8,183.2,176.5,169.5,162.3,155.1,147.9,140.7,133.6,126.7,120.0,113.7,107.7,101.8,96.3,90.8,85.6,80.6,75.9,71.5,67.4,63.5,60.0,56.6,53.6,50.7,48.0,45.4,43.1,40.9,39.0,37.4,35.8
NZL,New Zealand,27.9,26.8,25.8,24.7,23.8,23.1,22.5,22.0,21.6,21.2,20.8,20.3,19.9,19.4,18.9,18.3,17.7,17.1,16.6,16.1,15.6,15.2,14.8,14.5,14.2,13.8,13.4,12.9,12.4,11.8,11.2,10.6,10.0,9.5,9.1,8.7,8.4,8.1,7.8,7.6,7.4,7.2,7.0,6.9,6.7,6.6,6.5,6.4,6.4,6.3,6.2,6.1,6.0,5.9,5.8,5.7
OEC,High income: OECD,46.2083843164857,43.912899200635,41.8319798960088,39.8307339898318,37.8520578109631,35.9187480285938,34.060405198949,32.359675933086,30.453317005581606,29.0190451861167,27.6121157832413,26.159608925197002,24.7268297217274,23.318355424452,22.0484329174469,20.7902341862193,19.523795408176998,18.306311327688107,17.1360727190482,16.1261315845454,15.285048777532499,14.641593234679,13.9525238479144,13.338921916136998,12.800650131561598,12.331042191998101,11.897967244284,11.529505366727399,11.1445286880339,10.753619577990902,10.3248068301867,9.91166570342282,9.47456271297469,9.04081720371307,8.634403841859129,8.240093435898599,7.87587764762939,7.55500300086123,7.325593509731821,7.14663596466827,6.95794064519984,6.80461951229051,6.65930157693328,6.523418528313051,6.404025271078732,6.25454248650438,6.1176410329272,5.975317280115581,5.839116497945219,5.674550850628848,5.5474782958972,5.41770998188969,5.2793755135085805,5.147251909251559,5.00949480977937,4.86849382450369
OED,OECD members,63.4826900137016,60.91569397077661,58.5661453457506,64.5297582326511,62.551733604235494,60.667206640331706,58.9433011480893,57.3608372657839,53.8917429222636,52.5475906880775,51.1778448015137,49.720884177317,48.1844692197112,46.64922850611861,45.0314397912781,43.4724366288878,41.8337147088351,40.130125789685394,38.365200671968005,36.603035515906,34.8761471014708,32.955421473106696,31.3268079093733,29.794841686456103,28.3883313999283,27.0803692894291,25.8505520420326,24.7084433260847,23.580516151816106,22.4869371240239,21.3998005373637,20.3571038044563,19.3475157556793,18.377941896543398,17.4777092862115,16.5855537566191,15.7560524162514,14.9608833504476,14.2305854152024,13.551973318719199,12.8805253850274,12.2599059591644,11.653454169073,11.108333980469801,10.6181498460489,10.1540466087803,9.75723608667523,9.40045355022646,9.06772809823316,8.73094540562212,8.42168284289299,8.09825393799798,7.781460734451389,7.46646122981121,7.158045866231508,6.884195762608429
OMN,Oman,,,,325.8,310.4,295.5,281.3,267.5,253.9,240.5,227.6,215.1,202.7,190.8,179.0,167.4,155.8,144.4,133.1,122.2,111.6,101.4,91.6,82.4,73.9,66.1,59.3,53.3,48.1,43.6,39.4,35.7,32.4,29.4,26.8,24.5,22.5,20.8,19.2,17.8,16.6,15.5,14.6,13.8,13.2,12.7,12.3,12.1,11.9,11.7,11.7,11.6,11.6,11.7,11.6,11.6
OSS,Other small states,,,,,,,,,,,,,,,,,140.961978024412,136.27216435373,131.446579063683,127.373255769863,123.42823463434401,119.55874666407301,115.65405571407699,115.281091924935,109.279673330489,106.107151585869,123.90413169898599,120.610582434004,117.488529835994,114.76960427956999,112.48043529853202,110.641795413628,109.23646419915801,108.247449588085,107.603588205409,107.26034070067499,106.89656248488501,106.35209575524901,105.59258768721399,104.691040235242,103.468696312722,101.78699073773001,99.90353994269951,97.89243286747721,95.57794704811373,92.52541421664827,89.11945624531441,85.761598759146,82.75869745656671,78.42243066869841,74.3393104856927,71.19784335439529,68.44629064124871,65.9737772626138,63.7210866072106,61.906826770054906
PAK,Pakistan,261.9,251.6,241.9,232.7,224.3,216.7,209.8,203.8,198.3,193.3,188.8,184.7,181.0,177.7,174.6,172.0,169.6,167.3,165.3,163.4,161.5,159.6,157.7,155.6,153.4,151.1,148.7,146.2,143.6,141.1,138.6,136.0,133.5,131.0,128.3,125.7,123.0,120.3,117.6,114.9,112.3,109.8,107.5,105.3,103.2,101.2,99.3,97.4,95.5,93.7,91.8,89.9,87.8,85.6,83.3,81.1
PAN,Panama,92.1,89.5,86.8,84.2,81.8,79.6,77.4,75.2,72.9,70.5,67.7,64.7,61.6,58.6,55.7,53.3,51.2,49.3,47.7,46.1,44.6,43.0,41.4,39.8,38.2,36.7,35.4,34.1,32.9,31.9,30.9,30.1,29.4,28.9,28.4,28.1,27.7,27.4,27.0,26.5,26.0,25.4,24.8,24.1,23.5,22.9,22.3,21.7,21.0,20.5,19.8,19.2,18.7,18.1,17.6,17.0
PER,Peru,227.4,220.7,213.8,206.6,199.4,192.3,185.6,179.5,173.9,168.8,163.8,159.0,154.2,149.5,144.9,140.5,136.7,133.3,130.4,127.7,124.9,121.8,118.3,114.1,109.3,104.2,98.8,93.5,88.6,84.0,79.7,75.4,71.0,66.5,62.0,57.5,53.2,49.1,45.3,41.8,38.6,35.8,33.3,31.1,29.1,27.4,25.9,24.5,23.2,22.1,21.0,20.0,19.1,18.3,17.5,16.9
PHL,Philippines,106.0,102.4,99.5,96.8,94.6,92.4,90.4,88.5,86.7,85.2,84.0,83.1,82.6,82.3,82.1,82.1,82.0,81.8,81.5,80.9,80.1,79.3,78.4,77.3,75.9,74.0,71.6,68.6,65.2,61.7,58.2,54.9,52.1,49.5,47.4,45.6,44.0,42.7,41.6,40.6,39.7,38.9,38.1,37.3,36.5,35.7,34.9,34.2,33.4,32.6,31.9,31.2,30.4,29.6,28.8,28.0
PLW,Palau,,,,,,,,,,,,,,,,,,,,,,,,,41.8,40.8,39.9,39.0,38.0,37.1,36.1,35.2,34.2,33.3,32.3,31.3,30.4,29.4,28.5,27.7,26.8,25.9,25.1,24.4,23.6,22.9,22.1,21.4,20.7,20.1,19.4,18.8,18.2,17.5,17.0,16.4
PNG,Papua New Guinea,200.2,194.0,188.0,182.1,176.3,170.6,165.0,159.7,154.4,149.3,144.4,139.8,135.4,131.2,127.2,123.5,119.9,116.6,113.6,110.7,108.1,105.6,103.2,101.1,99.0,97.2,95.5,93.9,92.4,90.9,89.4,88.0,86.6,85.3,84.1,83.0,82.0,81.0,80.2,79.3,78.5,77.7,77.0,76.1,75.2,74.2,72.9,71.5,69.7,67.9,66.1,64.3,62.5,60.9,59.1,57.3
POL,Poland,64.7,59.4,55.6,52.5,49.3,45.9,42.6,40.2,38.8,37.7,36.3,34.5,32.5,30.4,28.7,27.7,27.1,26.4,25.5,24.6,23.9,23.3,22.7,22.0,21.2,20.3,19.5,18.9,18.4,17.9,17.3,16.8,16.4,16.0,15.5,14.5,13.3,12.0,10.8,9.9,9.3,8.8,8.4,8.1,7.8,7.6,7.3,7.0,6.7,6.2,5.8,5.5,5.3,5.2,5.2,5.2
PRK,"Korea, Dem. Rep.",,,,,,,,,,,,,,,,,,,,,,,,,,35.1,34.7,35.2,36.8,39.5,43.4,48.6,54.8,61.3,67.7,72.8,75.7,75.7,72.9,67.4,60.0,52.0,44.6,38.7,34.7,32.7,32.2,32.4,32.4,32.1,31.3,30.1,28.7,27.4,26.1,24.9
PRT,Portugal,114.6,110.3,104.3,97.6,91.0,85.2,80.8,77.7,75.1,72.0,68.2,63.4,58.0,52.6,47.8,43.5,39.5,35.6,32.3,29.7,27.6,25.8,24.2,22.8,21.6,20.4,19.3,18.2,17.0,15.9,14.7,13.6,12.5,11.4,10.5,9.7,9.1,8.6,8.2,7.7,7.2,6.7,6.1,5.6,5.1,4.7,4.4,4.2,4.1,4.0,3.9,3.8,3.8,3.8,3.7,3.6
PRY,Paraguay,85.3,84.3,83.4,82.7,82.0,81.3,80.6,80.1,79.4,78.7,78.0,77.1,76.1,75.1,73.8,72.5,71.1,69.6,68.0,66.4,64.7,62.9,61.0,59.1,57.2,55.3,53.5,51.7,49.9,48.2,46.5,44.9,43.3,41.9,40.5,39.2,37.9,36.8,35.7,34.6,33.5,32.5,31.5,30.4,29.4,28.4,27.5,26.6,25.7,24.9,24.1,23.3,22.6,21.9,21.2,20.5
PSS,Pacific island small states,104.928656439584,100.82830815018299,97.1715154950869,98.1157426054122,94.4371964956195,91.14136717533479,87.9642529448233,84.8950274369567,81.9775642594859,79.21530163924491,76.5047700221305,73.8576029411765,71.3578584611835,68.9397855832981,66.5603119058772,64.1922493749496,61.7398898793917,59.252893471141995,56.77235871928821,54.275261162079495,51.9161236103441,50.2412257437121,48.3730748260746,46.7607813511763,44.6104660936008,43.20569548014,41.88289236605029,40.6756265486391,39.4391246134118,38.3404111004641,37.2308693943986,36.1883143974669,35.243087395207404,34.366829322391,33.6396803450946,33.038087615683196,32.4956596839397,32.5051788074607,31.5207428466618,31.038272803899304,30.547854411038102,30.111999561659797,29.735452955324,29.5229560319767,29.453548270240894,29.395662850745698,29.4436993553499,29.438825897108803,29.378942456115198,29.7348126480511,29.0095800100596,28.674559366279606,28.320634662621003,27.835798462542602,27.270607942027894,26.6437119397253
QAT,Qatar,,,,,,,,,,70.9,66.2,61.8,57.7,54.0,50.5,47.5,44.7,42.2,40.0,38.0,36.2,34.4,32.8,31.3,29.7,28.2,26.7,25.2,23.7,22.2,20.8,19.5,18.2,17.1,16.1,15.3,14.6,13.9,13.4,12.9,12.4,11.9,11.5,11.1,10.7,10.3,10.0,9.7,9.5,9.2,9.0,8.8,8.6,8.4,8.2,8.0
ROM,Romania,,,,,,,,,72.7,69.4,65.6,61.7,58.2,55.2,52.6,50.4,48.5,46.7,45.1,43.5,42.0,40.6,39.4,38.7,38.6,38.9,39.4,39.8,39.8,39.0,37.7,36.4,35.1,34.1,33.2,32.3,31.4,30.4,29.2,28.1,26.9,25.9,24.9,23.7,22.4,20.9,19.2,17.6,16.1,14.9,13.9,13.2,12.5,12.0,11.5,11.1
RUS,Russian Federation,,,,,,,,,,,44.2,42.4,40.7,39.2,37.7,36.6,35.6,34.8,34.2,33.6,33.0,32.5,31.9,31.3,30.7,30.0,29.1,28.1,27.2,26.4,26.0,25.9,26.1,26.3,26.4,26.4,26.0,25.6,25.0,24.2,23.2,22.0,20.7,19.3,18.0,16.7,15.5,14.4,13.5,12.7,12.0,11.4,10.8,10.4,9.9,9.6
RWA,Rwanda,216.0,211.3,207.9,206.0,205.3,205.7,207.1,209.0,211.7,215.0,218.7,222.6,227.0,232.4,238.8,244.9,249.4,250.4,245.2,233.6,218.2,201.6,186.5,174.4,166.0,160.1,155.3,151.6,149.4,149.3,151.8,157.3,165.9,185.4,299.6,268.3,203.3,223.0,234.0,200.6,183.8,170.2,154.7,139.4,124.4,110.7,98.6,87.8,78.3,70.6,64.1,57.7,52.1,47.8,44.3,41.7
SAS,South Asia,249.8,247.1,242.5,238.2,234.1,230.3,226.6,223.1,219.7,216.4,213.2,210.0,206.4,202.9,198.9,194.8,190.5,185.8,181.0,176.1,171.3,166.5,161.9,157.6,153.2,149.1,145.0,141.0,137.1,133.1,129.3,125.5,121.9,118.3,114.8,111.2,107.7,104.2,100.6,97.1,93.6,90.1,86.8,83.5,80.4,77.3,74.4,71.7,69.1,66.5,64.0,61.6,59.1,56.8,54.6,52.5
SAU,Saudi Arabia,,,,,,,,,,,,,161.0,150.9,141.9,133.4,125.6,118.0,111.1,104.4,98.0,91.9,86.0,80.3,74.7,69.1,63.7,58.4,53.3,48.6,44.3,40.5,37.1,34.2,31.8,29.7,27.8,26.3,25.0,23.8,22.9,22.0,21.3,20.7,20.1,19.7,19.2,18.7,18.1,17.6,17.0,16.5,16.0,15.5,15.0,14.5
SDN,Sudan,178.4,175.2,172.2,169.3,166.5,164.0,161.7,159.6,157.7,156.0,154.6,153.3,152.1,150.8,149.6,148.3,147.0,145.6,144.3,143.2,142.1,140.9,139.9,138.8,137.5,136.0,134.5,132.8,131.1,129.3,127.5,125.7,123.9,122.1,120.2,118.2,116.1,113.9,111.4,108.8,105.9,103.1,100.2,97.3,94.5,91.9,89.3,87.0,84.7,82.4,80.2,78.2,76.3,74.2,72.2,70.1
SEN,Senegal,303.3,302.5,302.4,302.3,302.2,301.6,300.4,299.0,297.0,294.4,290.5,285.4,278.9,271.1,262.2,252.4,241.8,231.3,221.6,212.8,205.2,198.6,192.5,186.5,179.9,172.6,164.5,156.6,149.6,144.1,140.4,138.7,138.5,139.3,140.6,142.1,143.2,143.4,142.4,139.7,134.9,128.4,120.7,112.5,104.2,96.2,88.8,82.0,75.8,70.1,64.8,60.0,55.9,52.5,49.7,47.2
SGP,Singapore,47.8,43.8,40.5,38.2,36.5,35.0,33.6,32.0,30.3,28.7,27.4,26.1,24.3,22.0,19.7,17.6,16.0,15.2,15.1,15.2,14.8,14.1,13.2,12.3,11.6,10.9,10.4,9.8,9.2,8.4,7.7,6.9,6.3,5.8,5.4,5.2,5.0,4.8,4.6,4.3,4.0,3.7,3.4,3.2,3.0,2.9,2.9,2.9,2.8,2.8,2.8,2.8,2.8,2.8,2.8,2.7
SLB,Solomon Islands,195.9,185.6,175.9,166.7,157.9,149.7,141.4,132.8,124.1,115.6,107.2,99.2,91.9,85.2,79.1,73.5,68.4,63.9,59.9,56.4,53.5,51.1,49.0,47.3,45.8,44.5,43.3,42.3,41.4,40.6,39.7,38.9,37.9,37.0,36.2,35.4,34.8,34.3,33.9,33.5,33.1,32.9,32.8,32.9,33.1,33.2,33.4,33.3,33.1,32.6,32.1,31.4,30.7,29.9,28.9,28.1
SLE,Sierra Leone,396.0,390.3,384.7,378.7,372.6,366.2,359.8,353.4,346.6,340.5,334.6,329.0,323.6,318.4,313.4,308.7,304.2,299.8,295.7,291.5,287.6,284.0,280.9,277.9,275.2,272.8,270.5,268.2,266.7,265.2,264.3,263.4,262.6,261.5,259.9,257.5,254.4,250.5,246.0,241.1,235.8,229.9,223.9,217.4,210.8,203.7,196.2,188.0,179.1,169.9,160.2,150.6,141.6,133.4,126.4,120.4
SLV,El Salvador,186.9,183.3,179.6,176.0,172.7,169.5,166.4,163.5,160.7,158.0,155.1,152.1,148.9,145.5,141.7,137.4,132.7,127.8,122.4,116.7,110.7,104.5,98.2,92.0,86.0,80.4,75.2,70.6,66.5,62.8,59.4,56.3,53.2,50.3,47.4,44.5,41.7,39.1,36.6,34.4,32.4,30.6,29.0,27.5,26.1,24.8,23.6,22.6,21.6,20.8,20.0,19.3,18.6,18.0,17.4,16.8
SMR,San Marino,,,,,,,,,,,,,,,,,,,,,,,,,,,14.3,13.4,12.5,11.7,10.9,10.2,9.5,8.9,8.3,7.8,7.3,6.8,6.3,5.9,5.5,5.2,4.9,4.6,4.4,4.2,4.0,3.9,3.7,3.6,3.5,3.4,3.2,3.1,3.0,2.9
SOM,Somalia,,,,,,,,,,,,,,,,,,,,,,,,189.1,187.1,186.0,185.4,184.9,184.1,182.7,180.2,177.2,175.3,174.5,174.4,174.4,174.4,174.4,174.4,174.4,174.4,174.4,174.4,174.4,174.4,174.3,173.7,171.8,168.5,164.4,160.2,155.3,150.6,146.1,141.2,136.8
SRB,Serbia,,,,,,,,,,,,,,,,,,,,,,,,,40.3,39.1,37.9,36.2,33.9,31.2,28.4,25.9,24.2,23.1,21.8,19.7,17.4,15.4,13.9,13.1,12.6,12.2,11.6,10.6,9.6,8.9,8.4,8.1,8.0,7.8,7.6,7.3,7.1,6.9,6.8,6.7
SSA,Sub-Saharan Africa (developing only),,,,,273.0,268.5,261.1,258.0,251.4,248.0,244.3,240.7,237.1,233.1,222.6,218.5,214.6,210.6,206.5,204.0,201.3,198.2,195.2,192.5,190.1,188.2,186.6,184.9,183.3,181.8,180.3,178.9,177.4,175.8,174.8,172.3,169.2,166.3,163.0,158.8,154.3,149.3,143.9,138.3,132.7,127.1,121.6,116.2,111.0,106.0,101.2,96.9,92.9,89.2,86.0,83.1
SSD,South Sudan,,,,,,,,,,,,,,,,,,,,298.2,294.7,291.3,288.5,284.7,280.4,276.5,271.8,267.3,262.7,257.8,253.2,248.1,242.5,236.6,230.3,223.5,216.1,208.5,200.3,191.4,182.3,173.0,163.8,155.2,147.0,139.3,132.1,125.7,120.0,115.2,110.9,106.7,102.8,99.2,95.6,92.6
SSF,Sub-Saharan Africa (all income levels),,,,,,,260.256739149462,257.267227004301,250.51594928287602,247.291337506683,243.669931608158,240.07768274254101,236.53116099698101,232.636828052276,222.547800574776,218.475800049234,214.488740446701,210.53058799649398,206.534516546923,204.075323172849,201.394635588966,198.236884706846,195.304659522985,192.687388042429,190.397832080606,188.511746143488,186.944044899643,185.33818427634102,183.822602101179,182.352485055309,180.89938789495,179.44453649009705,177.95325694994202,176.48843635144505,175.85833001671296,173.226551264516,169.904586956548,167.122349117376,163.776139494841,159.45146808641198,154.834546026801,149.740864749261,144.271302849405,138.613172367459,132.897617836504,127.227040366446,121.707589669063,116.32249974486601,111.120135750312,106.16258702128799,101.39624566414601,97.07518072145339,93.02238767797421,89.3577772918284,86.05960391815479,83.1799740855183
SST,Small states,,,,,,,,,,122.164399001839,122.103412727072,119.594674358186,116.987599529353,114.24530182980499,111.332983296954,108.179370164354,106.64988695549101,103.430320827682,101.72304438582701,98.70365815578992,95.75586131461529,92.69824290589372,89.90715967693008,89.382524242223,85.16558114485021,83.10056174270329,97.8937382137907,95.76610639554492,93.720739927339,91.9216489526664,90.2626177291091,88.9815025299448,87.99581104598629,87.2882615280334,86.82766433847341,86.5817887294903,86.3161040409388,85.9637794118893,85.366088251559,84.71581037186459,83.8352897456083,82.6255870053539,81.27777149257109,79.8456075376927,78.2023367137332,76.00972681158001,73.5664725361775,71.13786747989259,68.9667536428053,65.7926358964435,62.7047020339371,60.3360702234442,58.247565704157,56.33028489498079,54.557083374004,53.1054878383818
STP,Sao Tome and Principe,,,,,,97.1,93.9,91.1,88.9,87.5,86.9,87.0,87.6,88.5,89.4,90.1,90.6,91.0,91.2,91.9,92.8,94.1,95.7,97.9,100.1,102.6,104.8,106.9,108.4,109.8,110.7,111.2,111.1,110.2,108.7,106.5,103.7,100.5,97.0,93.2,89.3,85.4,81.5,77.6,73.7,70.1,66.7,63.6,61.0,58.5,56.4,54.4,52.4,50.8,49.0,47.3
SUR,Suriname,,,,,,,,,,,,,,,,,,,,,,,,57.0,55.5,54.1,52.7,51.4,50.2,48.9,47.6,46.3,44.9,43.5,42.2,40.9,39.6,38.3,37.0,35.7,34.4,33.3,32.1,31.1,30.1,29.2,28.3,27.4,26.4,25.6,24.9,24.1,23.4,22.6,21.9,21.3
SVK,Slovak Republic,,,,,,,,,,,,,,,,,,,,,,25.9,24.8,23.8,22.8,21.8,20.9,20.0,19.2,18.4,17.7,16.9,16.3,15.6,15.0,14.4,13.8,13.2,12.7,12.2,11.7,11.3,10.9,10.6,10.2,9.9,9.5,9.2,8.9,8.6,8.4,8.1,7.9,7.7,7.5,7.3
SVN,Slovenia,,,,,,,,,,,,,,,,,,,,,,18.0,17.0,16.1,15.2,14.4,13.5,12.7,11.9,11.1,10.4,9.7,9.1,8.5,7.9,7.4,7.0,6.6,6.2,5.8,5.5,5.2,5.0,4.7,4.5,4.3,4.0,3.8,3.6,3.5,3.3,3.1,3.0,2.8,2.7,2.6
SWE,Sweden,19.6,19.2,18.6,17.9,17.1,16.3,15.5,14.9,14.4,13.9,13.4,12.9,12.3,11.6,10.9,10.3,9.8,9.4,9.0,8.7,8.5,8.2,8.0,7.8,7.7,7.6,7.5,7.4,7.3,7.2,6.9,6.6,6.1,5.7,5.2,4.8,4.5,4.3,4.2,4.1,4.1,4.1,4.0,3.9,3.7,3.6,3.4,3.3,3.2,3.1,3.1,3.0,3.0,3.0,3.0,3.0
SWZ,Swaziland,211.7,209.0,205.8,202.4,198.8,195.0,191.2,187.3,183.5,179.7,175.8,171.3,166.1,160.0,153.6,146.8,140.7,134.6,129.1,124.0,118.7,113.1,107.2,101.1,95.1,89.5,84.4,80.3,77.2,75.2,74.7,75.8,78.8,83.7,89.9,96.9,104.3,111.3,117.7,123.3,128.3,131.6,133.1,133.7,132.7,130.2,122.7,117.2,113.8,104.2,88.4,79.1,72.6,67.6,62.6,60.7
SYC,Seychelles,102.6,100.5,98.4,96.1,93.4,90.6,87.5,84.0,80.1,76.1,71.9,67.7,63.4,59.2,54.8,50.4,45.8,41.5,37.4,33.6,30.4,27.6,25.3,23.4,21.8,20.5,19.5,18.6,17.8,17.1,16.5,16.0,15.5,15.1,14.7,14.5,14.3,14.2,14.2,14.2,14.3,14.3,14.3,14.3,14.3,14.2,14.2,14.2,14.2,14.2,14.2,14.2,14.2,14.0,13.8,13.6
SYR,Syrian Arab Republic,179.9,170.4,161.6,153.3,145.6,138.2,131.2,124.4,117.7,111.3,105.2,99.6,94.1,89.1,84.3,79.8,75.6,71.6,67.8,64.2,60.8,57.7,54.7,52.0,49.4,47.0,44.8,42.7,40.7,38.9,37.2,35.5,33.9,32.4,30.9,29.5,28.1,26.8,25.6,24.4,23.4,22.3,21.4,20.5,19.6,18.8,18.0,17.3,16.5,15.9,15.3,15.0,16.0,15.3,14.3,12.9
TCD,Chad,,,,,,,,,,,,,252.3,251.0,249.5,248.1,246.7,245.3,243.7,242.0,240.1,238.1,236.0,233.5,230.9,228.2,225.5,222.8,220.1,217.3,214.6,212.0,209.4,207.0,204.8,202.7,200.6,198.3,195.8,193.0,190.2,187.3,184.6,181.9,179.4,177.0,174.6,171.5,168.0,164.0,160.1,156.0,151.6,147.1,142.9,138.7
TGO,Togo,274.2,269.2,264.3,259.4,254.6,249.8,244.9,239.9,234.9,229.8,224.7,219.8,214.7,209.7,204.9,200.2,195.4,190.7,186.3,181.8,177.5,173.4,169.5,165.7,162.3,159.0,156.1,153.3,150.8,148.5,146.2,144.1,142.1,140.0,137.7,135.4,132.7,129.9,127.0,123.9,120.8,117.6,114.4,111.2,108.1,105.1,102.1,99.2,96.4,93.6,90.9,88.3,85.8,83.3,80.8,78.4
THA,Thailand,147.9,142.7,137.7,132.8,128.0,123.3,118.6,113.9,109.2,104.5,99.7,94.9,90.2,85.7,81.4,77.4,73.7,70.1,66.8,63.8,60.9,58.2,55.6,53.1,50.7,48.3,46.0,43.7,41.5,39.2,37.0,35.0,33.1,31.3,29.7,28.3,27.0,25.8,24.6,23.5,22.5,21.5,20.5,19.6,18.7,17.8,17.0,16.3,15.6,15.0,14.5,14.0,13.5,13.1,12.6,12.3
TJK,Tajikistan,,,,,,,,,,,,,152.8,148.2,143.4,139.4,136.0,133.5,131.8,130.8,130.5,130.4,129.9,128.5,126.1,122.6,118.3,113.6,109.9,108.1,108.4,111.2,115.7,119.9,121.4,119.8,116.2,111.3,105.6,99.4,93.0,86.6,80.4,74.6,69.5,65.2,61.5,58.6,56.2,54.3,52.6,50.9,49.3,47.8,46.3,44.8
TKM,Turkmenistan,,,,,,,,,,,,,,,,,,138.8,133.9,129.4,124.8,120.4,116.0,111.7,107.6,103.6,100.0,96.7,94.0,91.9,90.5,89.7,89.6,89.7,89.6,89.4,88.7,87.5,85.8,83.8,81.6,79.2,76.9,74.7,72.4,70.1,68.0,66.0,63.9,61.9,60.1,58.2,56.5,54.7,53.1,51.4
TMP,Timor-Leste,,,,,,,,,,,,,,,,,,,,,,,,,,,210.0,201.0,192.1,183.8,175.7,168.2,161.0,153.9,147.0,140.4,134.0,127.8,121.9,116.0,110.2,104.6,99.1,93.7,88.4,83.3,78.5,74.1,70.2,66.7,63.8,61.1,58.7,56.5,54.5,52.6
TON,Tonga,,,,81.9,76.5,71.5,66.7,62.2,57.8,53.8,50.2,46.9,44.0,41.5,39.3,37.2,35.3,33.6,32.1,30.7,29.4,28.3,27.4,26.6,26.0,25.4,24.8,24.1,23.4,22.7,21.9,21.1,20.4,19.8,19.3,18.9,18.6,18.4,18.1,17.9,17.6,17.3,17.0,16.8,16.7,16.7,16.7,16.8,17.0,17.2,17.4,17.5,17.5,17.3,17.1,16.7
TTO,Trinidad and Tobago,68.5,66.0,63.7,61.6,59.7,58.0,56.6,55.2,53.9,52.8,51.6,50.6,49.5,48.3,47.2,46.0,44.7,43.4,42.0,40.7,39.5,38.3,37.0,35.9,34.9,34.0,33.1,32.3,31.6,31.0,30.5,30.0,29.7,29.4,29.2,29.0,28.9,28.8,28.8,28.7,28.7,28.6,28.3,28.0,27.5,26.9,26.3,25.6,24.9,24.3,23.6,22.9,22.2,21.5,20.9,20.4
TUN,Tunisia,,,267.8,256.3,244.7,233.5,222.3,211.2,200.6,190.3,180.6,171.1,162.1,153.0,144.1,135.1,126.3,117.7,109.6,102.3,95.7,89.9,84.6,80.0,75.6,71.5,67.9,64.7,61.9,59.3,57.0,54.8,52.5,50.1,47.5,44.9,42.1,39.3,36.5,34.0,31.7,29.6,27.8,26.0,24.5,23.0,21.7,20.5,19.4,18.3,17.4,16.5,15.8,15.2,14.6,14.0
TUR,Turkey,249.0,242.3,235.5,228.7,221.9,215.4,209.3,203.4,197.8,192.3,186.9,181.5,175.9,170.3,164.5,158.6,152.7,146.7,140.7,134.7,128.7,122.7,116.7,110.7,104.9,99.3,93.9,88.7,83.7,79.0,74.5,70.3,66.3,62.4,58.8,55.2,51.8,48.6,45.4,42.4,39.6,36.9,34.4,32.0,29.7,27.7,25.7,23.9,22.2,20.6,19.1,17.8,16.5,15.4,14.3,13.5
TUV,Tuvalu,,,,,,,,,,,,,,,,83.9,80.3,76.9,73.6,70.7,68.1,65.9,63.9,62.3,61.0,60.0,59.3,58.8,58.3,57.8,57.2,56.4,55.4,54.3,52.9,51.4,49.7,47.8,46.0,44.2,42.6,41.1,39.8,38.7,37.6,36.6,35.6,34.6,33.6,32.6,31.7,30.7,29.8,28.9,28.0,27.1
TZA,Tanzania,244.1,242.0,240.0,237.8,235.2,232.4,229.1,225.9,222.3,218.9,215.5,212.3,208.9,205.5,201.9,198.3,194.5,190.5,186.7,183.4,181.1,179.7,178.7,178.3,177.5,176.3,174.5,172.1,169.4,167.1,165.2,163.9,162.6,161.5,159.9,157.6,154.3,149.9,144.5,137.9,130.6,122.6,114.7,106.9,99.4,92.4,85.8,79.5,73.7,68.6,63.4,58.9,55.7,53.3,50.5,48.7
UGA,Uganda,223.8,219.1,214.9,210.8,207.0,203.2,199.8,196.5,193.4,191.0,189.5,189.1,189.9,191.9,194.9,198.7,203.2,207.7,211.8,214.6,215.6,214.4,210.4,205.0,199.8,195.8,193.2,191.8,190.9,189.5,187.1,183.7,179.6,175.6,172.2,169.5,166.9,163.9,159.9,154.8,148.4,141.0,132.8,124.2,115.6,107.4,99.7,92.5,85.9,80.1,75.2,69.8,64.1,60.3,56.9,54.6
UKR,Ukraine,,,,,,,,,,,,33.8,32.6,31.6,30.7,30.0,29.4,29.0,28.5,28.0,27.4,26.6,25.7,24.7,23.8,22.7,21.8,21.0,20.3,19.8,19.5,19.5,19.7,19.9,20.2,20.5,20.5,20.3,19.9,19.2,18.5,17.6,16.7,15.9,15.1,14.5,14.0,13.4,12.9,12.3,11.8,11.2,10.6,10.0,9.5,9.0
UMC,Upper middle income,,,,,,,,,,122.4,117.1,113.8,108.9,104.0,100.0,95.3,90.9,86.8,83.0,79.1,76.7,73.2,69.9,66.8,63.9,61.7,59.8,58.3,57.3,56.3,55.4,54.3,53.1,51.6,50.0,48.3,46.7,45.0,43.2,41.4,39.6,37.7,35.8,33.9,32.1,30.5,28.9,27.6,26.5,25.3,24.0,22.9,21.8,20.7,19.8,19.1
URY,Uruguay,64.0,62.6,61.0,59.6,58.6,58.0,57.6,57.1,56.3,55.4,54.3,53.5,53.5,54.3,55.2,55.4,54.5,52.2,48.6,44.4,40.0,36.1,33.2,31.2,29.8,28.6,27.5,26.3,25.1,24.0,23.1,22.3,21.8,21.5,21.1,20.6,20.0,19.2,18.3,17.5,16.8,16.2,15.8,15.3,14.8,14.3,13.8,13.3,13.0,12.7,12.3,12.0,11.6,11.1,10.6,10.1
USA,United States,30.1,29.5,28.9,28.3,27.7,27.1,26.4,25.7,24.9,24.1,23.3,22.4,21.5,20.6,19.7,18.8,17.9,17.1,16.3,15.6,15.0,14.4,13.9,13.4,13.0,12.7,12.4,12.2,11.9,11.6,11.2,10.9,10.5,10.1,9.8,9.5,9.2,8.9,8.7,8.6,8.4,8.3,8.2,8.1,8.1,8.0,7.9,7.8,7.7,7.5,7.4,7.2,7.1,6.9,6.7,6.5
UZB,Uzbekistan,,,,,,,,,,,,,,,,,,,,126.7,118.2,110.2,102.9,96.4,90.5,85.3,80.8,77.3,74.5,72.5,71.5,71.1,71.0,70.6,70.2,69.5,68.7,67.7,66.5,65.0,63.2,61.4,59.6,57.8,56.0,54.2,52.5,50.8,49.2,47.6,46.1,44.6,43.2,41.8,40.4,39.1
VCT,St. Vincent and the Grenadines,,,,,,,,,,79.5,80.4,81.1,81.4,81.1,80.0,78.0,75.2,71.6,67.4,62.6,57.7,52.6,47.6,42.9,38.6,34.9,31.8,29.3,27.3,25.7,24.5,23.6,23.0,22.6,22.4,22.4,22.4,22.4,22.4,22.3,22.2,22.1,22.0,21.9,21.8,21.8,21.7,21.6,21.4,21.1,20.8,20.3,19.8,19.3,18.8,18.3
VEN,"Venezuela, RB",81.1,78.3,75.9,73.8,72.0,70.4,68.9,67.5,66.0,64.3,62.6,60.6,58.8,56.8,55.0,53.2,51.4,49.6,47.7,45.8,43.9,42.1,40.3,38.8,37.4,36.1,34.8,33.5,32.1,30.8,29.6,28.6,27.8,27.3,26.8,26.3,25.5,24.5,23.5,27.7,21.7,21.0,20.4,19.8,19.2,18.5,17.9,17.4,17.1,16.8,16.6,16.4,16.1,15.7,15.3,14.9
VNM,Vietnam,,,,,95.0,93.3,91.8,90.3,88.8,87.3,85.7,84.2,82.6,81.0,79.3,77.6,75.9,74.1,72.3,70.5,68.7,66.9,65.3,63.6,62.0,60.3,58.5,56.7,54.8,52.8,50.8,48.8,46.8,44.8,43.0,41.2,39.5,38.0,36.5,35.1,33.8,32.5,31.4,30.4,29.4,28.5,27.7,26.9,26.2,25.5,24.8,24.2,23.5,22.9,22.3,21.7
VUT,Vanuatu,155.2,151.0,147.0,142.4,137.7,132.9,128.1,123.0,118.1,113.2,108.6,104.2,99.9,95.9,92.1,88.5,84.8,81.1,77.1,73.0,68.7,64.3,59.9,55.6,51.5,47.8,44.6,41.7,39.3,37.3,35.6,34.1,32.9,31.9,31.0,30.4,29.9,34.1,29.1,28.8,28.5,28.2,27.9,27.9,27.9,27.9,28.0,28.2,28.2,28.4,28.5,28.6,28.6,28.4,28.1,27.5
WBG,West Bank and Gaza,,,,,,,,,,,,,,,,109.5,102.8,96.6,90.7,85.2,80.0,75.2,70.7,66.5,62.6,58.9,55.5,52.3,49.4,46.7,44.4,42.3,40.4,38.7,37.2,35.7,34.4,33.1,31.9,30.8,29.8,28.9,28.2,27.5,26.9,26.3,25.8,25.2,24.7,24.2,23.8,23.3,22.8,22.3,21.7,21.1
WLD,World,182.7,180.4,177.1,174.1,175.2,172.8,171.2,168.9,163.7,149.8,144.9,141.4,138.3,135.1,132.0,129.4,126.6,123.9,121.4,119.0,116.4,113.3,110.3,107.3,104.1,101.2,98.6,96.2,94.0,92.1,90.6,89.2,88.2,87.3,86.5,85.3,84.0,82.5,80.6,78.3,75.9,73.4,70.7,67.9,65.5,62.6,60.1,57.8,55.8,53.5,51.7,49.4,47.4,45.6,43.9,42.5
WSM,Samoa,,,,,,,,,,,,,,,,,,,,,,,,,39.0,37.3,35.8,34.5,33.2,32.1,31.0,30.0,29.0,27.9,26.9,25.9,24.9,24.1,23.2,22.4,21.7,21.0,20.4,20.0,19.6,19.3,19.1,18.9,18.8,24.1,18.7,18.6,18.5,18.2,17.9,17.5
YEM,"Yemen, Rep.",,,,406.1,397.7,388.2,377.9,366.5,354.6,341.8,329.3,317.0,305.2,294.2,283.0,271.6,259.5,246.9,234.0,221.2,208.4,196.0,184.1,173.0,163.1,154.4,147.0,140.7,135.2,130.4,126.3,122.8,119.6,116.8,114.4,112.2,109.8,107.2,103.8,99.9,95.4,90.7,85.9,81.3,76.8,72.6,68.5,64.7,61.0,57.6,54.2,51.1,48.4,46.0,43.8,41.9
ZAF,South Africa,,,,,,,,,,,,,,,133.4,126.6,120.0,113.3,106.4,99.6,93.1,87.1,81.9,77.4,73.8,70.7,67.9,65.5,63.3,61.4,59.9,58.8,58.4,58.9,60.1,62.1,64.6,67.4,70.2,72.8,75.3,77.1,78.1,78.1,76.8,75.2,73.1,71.3,68.4,63.5,53.8,49.8,47.7,43.4,41.4,40.5
ZAR,"Congo, Dem. Rep.",,,,,,,,,,251.7,248.1,244.8,241.4,237.7,234.2,230.3,226.4,222.7,219.0,215.4,212.0,208.8,205.7,202.8,200.1,197.7,195.3,193.0,190.8,188.5,186.5,184.3,182.3,180.3,178.3,176.4,174.1,171.5,168.4,164.9,161.0,156.8,152.4,147.8,143.2,138.4,133.5,128.9,124.5,120.1,116.1,112.2,108.5,104.8,101.7,98.3
ZMB,Zambia,207.3,203.0,199.0,195.4,192.3,190.3,189.0,188.2,187.1,185.0,181.6,176.7,171.1,165.4,160.7,157.2,155.4,155.0,155.4,156.0,156.8,158.5,160.9,164.5,169.2,174.7,180.1,184.7,188.0,190.0,190.6,190.3,189.4,187.5,184.5,181.1,178.1,175.7,172.9,169.1,163.1,154.2,142.9,131.2,120.6,111.7,104.5,98.0,93.1,87.4,82.1,78.6,74.4,70.2,66.6,64.0
ZWE,Zimbabwe,150.7,146.1,141.6,137.2,132.8,128.6,124.7,121.1,118.1,115.8,114.0,112.6,111.7,111.1,110.7,110.4,110.0,109.4,108.4,106.4,103.4,99.4,94.7,89.8,84.9,80.6,77.1,74.6,73.5,73.9,75.8,78.8,82.7,87.0,91.2,95.5,99.2,102.0,103.9,105.2,105.8,105.6,105.1,104.0,103.0,101.9,100.0,98.0,95.4,92.9,89.5,85.6,78.5,74.5,72.3,70.7
