CountryCode,CountryName,1990,1991,1992,1993,1994,1995,1996,1997,1998,1999,2000,2001,2002,2003,2004,2005,2006,2007,2008,2009,2010,2011,2012,2013,2014
ADO,Andorra,,,,,2.0,2.0,3.0,1.0,2.0,3.0,2.0,1.0,10.0,10.0,3.0,9.0,10.0,9.0,6.0,6.0,6.0,6.0,7.0,5.0,7.0
AFG,Afghanistan,6339095.0,6306301.0,4552153.0,3374576.0,2731169.0,2679133.0,2674236.0,2676674.0,2667115.0,2601691.0,3587336.0,3809767.0,2510294.0,2136043.0,2414401.0,2166149.0,2107519.0,3057661.0,2833128.0,2887123.0,3054709.0,2664436.0,2586152.0,2556556.0,2593368.0
AGO,Angola,407760.0,381636.0,300492.0,323831.0,282577.0,246657.0,249687.0,267696.0,319430.0,353478.0,433760.0,470625.0,435421.0,329583.0,228838.0,215827.0,206501.0,186155.0,171393.0,141021.0,134858.0,128664.0,19258.0,10297.0,9507.0
ALB,Albania,1822.0,3540.0,4353.0,4744.0,5019.0,5803.0,5785.0,5379.0,5353.0,6288.0,6802.0,7626.0,10761.0,10385.0,10470.0,12722.0,14080.0,15340.0,15006.0,15711.0,14772.0,13551.0,12568.0,10084.0,10140.0
ARB,Arab World,2212498.0,2408680.0,2614885.0,1906599.0,2001784.0,2005056.0,2035564.0,1864336.0,1806135.0,1817001.0,1672735.0,1873008.0,1896002.0,1831115.0,1880608.0,1797793.0,3023683.0,3722824.0,3328247.0,3029306.0,3034372.0,3205416.0,3359110.0,4804793.0,6171232.0
ARE,United Arab Emirates,,,,,,,,4.0,7.0,7.0,15.0,18.0,31.0,20.0,71.0,30.0,265.0,308.0,256.0,414.0,424.0,486.0,584.0,90.0,90.0
ARG,Argentina,334.0,198.0,113.0,98.0,469.0,330.0,217.0,159.0,142.0,586.0,609.0,659.0,771.0,784.0,796.0,856.0,894.0,1171.0,1047.0,608.0,557.0,518.0,447.0,388.0,318.0
ARM,Armenia,1.0,1.0,195003.0,200116.0,201842.0,201442.0,203231.0,203690.0,193150.0,193231.0,5786.0,7207.0,13249.0,13162.0,13424.0,13965.0,14918.0,15436.0,16336.0,18000.0,17547.0,16487.0,15935.0,12021.0,11850.0
ATG,Antigua and Barbuda,,,,,,,,1.0,2.0,2.0,1.0,4.0,5.0,5.0,13.0,13.0,19.0,25.0,26.0,28.0,30.0,32.0,45.0,49.0,53.0
AUS,Australia,,,,,2.0,1.0,1.0,2.0,1.0,3.0,3.0,1.0,10.0,15.0,13.0,44.0,29.0,63.0,43.0,28.0,37.0,39.0,48.0,28.0,25.0
AUT,Austria,,,,,60.0,49.0,52.0,55.0,60.0,48.0,35.0,29.0,72.0,66.0,47.0,66.0,34.0,23.0,14.0,12.0,10.0,11.0,12.0,10.0,10.0
AZE,Azerbaijan,,,300000.0,328005.0,299095.0,200520.0,236086.0,234950.0,329657.0,311131.0,284277.0,268759.0,260214.0,253255.0,250583.0,233675.0,126068.0,15916.0,16319.0,16939.0,16753.0,16162.0,15537.0,10813.0,10521.0
BDI,Burundi,191622.0,223946.0,184135.0,871382.0,389706.0,350582.0,428680.0,519123.0,502568.0,527449.0,568084.0,553999.0,574557.0,531637.0,485773.0,438706.0,396541.0,375727.0,281592.0,94239.0,84064.0,101288.0,73363.0,72652.0,72499.0
BEL,Belgium,,,,,2.0,3.0,5.0,10.0,14.0,16.0,19.0,13.0,27.0,40.0,45.0,95.0,64.0,60.0,61.0,71.0,83.0,90.0,93.0,78.0,75.0
BEN,Benin,2.0,4.0,4.0,68.0,77.0,54.0,46.0,46.0,56.0,52.0,54.0,55.0,232.0,282.0,309.0,411.0,215.0,271.0,318.0,411.0,442.0,461.0,457.0,305.0,340.0
BFA,Burkina Faso,2.0,8.0,61.0,63.0,67.0,63.0,72.0,118.0,103.0,106.0,130.0,98.0,978.0,853.0,583.0,607.0,376.0,558.0,725.0,990.0,1145.0,1271.0,1460.0,1688.0,1853.0
BGD,Bangladesh,477.0,611.0,53921.0,57158.0,56199.0,56956.0,57959.0,44373.0,4658.0,4468.0,5401.0,5548.0,5808.0,5565.0,5731.0,7304.0,7803.0,10243.0,10098.0,10432.0,10049.0,10056.0,10161.0,9839.0,10865.0
BGR,Bulgaria,1922.0,2735.0,2981.0,3155.0,4689.0,4156.0,3246.0,3048.0,3122.0,2653.0,2404.0,2121.0,2841.0,2567.0,2215.0,4254.0,3438.0,3311.0,3040.0,2745.0,2559.0,2327.0,2147.0,1880.0,1648.0
BHR,Bahrain,39.0,52.0,53.0,60.0,75.0,71.0,63.0,82.0,97.0,129.0,95.0,46.0,50.0,52.0,52.0,41.0,62.0,73.0,80.0,79.0,87.0,215.0,297.0,275.0,347.0
BHS,"Bahamas, The",,,,,,,,,1.0,1.0,1.0,,1.0,1.0,1.0,1.0,14.0,14.0,15.0,15.0,17.0,185.0,196.0,210.0,215.0
BIH,Bosnia and Herzegovina,,,437501.0,618427.0,776084.0,769753.0,993868.0,849241.0,640075.0,598193.0,504981.0,447321.0,406448.0,300006.0,228831.0,109930.0,199946.0,78273.0,74366.0,70018.0,63004.0,58578.0,51822.0,26811.0,21845.0
BLR,Belarus,,,,2.0,37.0,84.0,501.0,303.0,290.0,1507.0,2519.0,3696.0,6364.0,7815.0,8244.0,8857.0,9371.0,4970.0,5384.0,5525.0,5743.0,5925.0,6191.0,4444.0,4302.0
BLZ,Belize,,,,,8.0,8.0,3.0,,,11.0,12.0,,1.0,10.0,9.0,8.0,18.0,17.0,20.0,17.0,23.0,32.0,39.0,40.0,45.0
BMU,Bermuda,,,,,,,,,1.0,1.0,1.0,1.0,1.0,,,2.0,,,,,,,,,0.0
BOL,Bolivia,731.0,67.0,28.0,41.0,177.0,180.0,177.0,161.0,183.0,174.0,175.0,156.0,219.0,264.0,285.0,269.0,374.0,428.0,454.0,573.0,590.0,611.0,618.0,601.0,599.0
BRA,Brazil,14.0,11.0,11.0,12.0,41.0,53.0,85.0,104.0,136.0,196.0,224.0,254.0,441.0,378.0,403.0,370.0,707.0,1624.0,1404.0,973.0,994.0,1045.0,1076.0,986.0,977.0
BRB,Barbados,,,,,4.0,3.0,2.0,3.0,5.0,4.0,8.0,7.0,9.0,11.0,7.0,8.0,27.0,38.0,34.0,29.0,32.0,45.0,55.0,67.0,86.0
BRN,Brunei Darussalam,,,,,,3.0,,,,,,,2.0,1.0,1.0,49.0,2.0,2.0,1.0,1.0,1.0,1.0,1.0,1.0,1.0
BTN,Bhutan,,9504.0,75442.0,85334.0,103271.0,104750.0,106822.0,108703.0,105689.0,107619.0,108945.0,110845.0,112523.0,103978.0,105255.0,106537.0,108073.0,110598.0,104965.0,89070.0,75070.0,57989.0,41590.0,31567.0,23642.0
BWA,Botswana,3.0,3.0,3.0,4.0,21.0,25.0,23.0,17.0,16.0,10.0,3.0,2.0,5.0,5.0,6.0,4.0,12.0,16.0,26.0,30.0,53.0,85.0,127.0,168.0,237.0
CAF,Central African Republic,100.0,320.0,325.0,313.0,266.0,242.0,240.0,149.0,173.0,196.0,139.0,28704.0,25376.0,35400.0,31069.0,42890.0,71685.0,98104.0,125106.0,159554.0,164905.0,162862.0,164568.0,252865.0,410787.0
CAN,Canada,,4.0,4.0,4.0,4.0,4.0,8.0,11.0,15.0,18.0,26.0,4.0,51.0,60.0,56.0,122.0,95.0,530.0,101.0,99.0,90.0,109.0,123.0,100.0,95.0
CEB,Central Europe and the Baltics,90730.0,60785.0,218579.0,230375.0,163574.0,304331.0,349489.0,379281.0,362720.0,373495.0,351757.0,306045.0,320685.0,273473.0,247938.0,167220.0,128701.0,118509.0,112055.0,90157.0,78037.0,73982.0,72791.0,58765.0,48680.0
CHE,Switzerland,,,,,8.0,27.0,33.0,55.0,77.0,91.0,70.0,61.0,56.0,35.0,12.0,16.0,36.0,31.0,32.0,18.0,19.0,20.0,17.0,15.0,19.0
CHL,Chile,14548.0,14007.0,14043.0,15267.0,15474.0,14273.0,12805.0,9776.0,7011.0,1543.0,860.0,834.0,1709.0,1555.0,1194.0,938.0,805.0,970.0,994.0,1312.0,1170.0,1189.0,1152.0,596.0,579.0
CHN,China,1426.0,2011.0,82576.0,111509.0,113907.0,104693.0,105810.0,106738.0,109402.0,111952.0,110975.0,117409.0,132115.0,132406.0,134724.0,124101.0,140598.0,149095.0,175180.0,180558.0,184602.0,190369.0,193453.0,195137.0,210730.0
CIV,Cote d'Ivoire,2.0,13.0,34.0,41.0,98.0,201.0,268.0,360.0,537.0,562.0,773.0,858.0,23741.0,33637.0,23655.0,18338.0,26315.0,22232.0,22227.0,23153.0,41758.0,154824.0,100720.0,85729.0,71959.0
CMR,Cameroon,100.0,1.0,83.0,173.0,238.0,2017.0,2109.0,2258.0,1348.0,1654.0,2062.0,2724.0,5225.0,6206.0,7629.0,9101.0,10384.0,11508.0,13870.0,14766.0,14963.0,15163.0,13382.0,11442.0,10761.0
COG,"Congo, Rep.",2.0,4.0,7.0,11.0,32.0,177.0,221.0,21147.0,17143.0,27302.0,27579.0,24237.0,28002.0,28958.0,28152.0,24438.0,20609.0,19735.0,19925.0,20544.0,20679.0,12839.0,12119.0,11751.0,14497.0
COL,Colombia,494.0,740.0,843.0,1042.0,1363.0,1902.0,2168.0,2377.0,3538.0,4413.0,9279.0,17938.0,30625.0,37995.0,47381.0,60450.0,72796.0,551744.0,373532.0,389753.0,395577.0,395949.0,394117.0,396635.0,103150.0
COM,Comoros,4.0,2.0,2.0,2.0,5.0,10.0,13.0,10.0,33.0,31.0,28.0,26.0,43.0,58.0,50.0,61.0,72.0,96.0,378.0,268.0,368.0,422.0,454.0,515.0,581.0
CPV,Cabo Verde,,,1.0,1.0,1.0,1.0,2.0,2.0,1.0,2.0,2.0,4.0,8.0,9.0,8.0,5.0,40.0,32.0,30.0,24.0,25.0,27.0,25.0,27.0,27.0
CRI,Costa Rica,,1.0,5.0,5.0,223.0,211.0,139.0,90.0,54.0,76.0,57.0,86.0,98.0,92.0,138.0,178.0,284.0,361.0,354.0,344.0,352.0,331.0,325.0,462.0,417.0
CSS,Caribbean small states,6627.0,5927.0,2549.0,901.0,1028.0,929.0,875.0,776.0,643.0,620.0,538.0,471.0,522.0,688.0,1006.0,1608.0,2297.0,3041.0,3320.0,3563.0,3872.0,4576.0,5155.0,5655.0,6221.0
CUB,Cuba,13523.0,17615.0,21273.0,22406.0,23316.0,24854.0,25462.0,24913.0,23559.0,23328.0,20084.0,18959.0,18043.0,16093.0,15659.0,19000.0,33580.0,7503.0,7938.0,7549.0,7477.0,7856.0,7731.0,7428.0,6502.0
CUW,Curacao,,,,,,,,,,,,,,,,,,,,,,,,35.0,35.0
CYM,Cayman Islands,,,,,,,,,,,,,,,,,,,,,1.0,1.0,1.0,6.0,6.0
CYP,Cyprus,11.0,,,,6.0,9.0,10.0,8.0,11.0,16.0,11.0,5.0,7.0,5.0,2.0,5.0,5.0,9.0,10.0,11.0,13.0,11.0,11.0,10.0,10.0
CZE,Czech Republic,6123.0,4491.0,3327.0,5015.0,4648.0,2039.0,977.0,698.0,1934.0,1243.0,810.0,1179.0,6984.0,6702.0,4542.0,3589.0,2138.0,1384.0,1358.0,1067.0,817.0,763.0,622.0,991.0,1328.0
DEU,Germany,,4.0,4.0,8.0,449.0,386.0,420.0,443.0,688.0,1298.0,1183.0,1033.0,928.0,725.0,78.0,78.0,114.0,129.0,166.0,170.0,164.0,174.0,182.0,175.0,176.0
DJI,Djibouti,5.0,10.0,11.0,38.0,18068.0,18095.0,18101.0,8142.0,3219.0,1879.0,1910.0,452.0,471.0,522.0,495.0,504.0,486.0,648.0,650.0,622.0,566.0,602.0,640.0,762.0,880.0
DMA,Dominica,,,,,,,1.0,1.0,1.0,3.0,2.0,5.0,6.0,17.0,25.0,30.0,49.0,58.0,56.0,53.0,52.0,52.0,54.0,43.0,38.0
DNK,Denmark,,,,,11.0,18.0,34.0,33.0,28.0,25.0,25.0,3.0,8.0,10.0,10.0,12.0,12.0,14.0,11.0,10.0,9.0,9.0,9.0,10.0,12.0
DOM,Dominican Republic,,,,1.0,29.0,30.0,29.0,47.0,42.0,45.0,47.0,46.0,83.0,92.0,97.0,67.0,150.0,358.0,318.0,230.0,246.0,250.0,289.0,306.0,349.0
DZA,Algeria,19.0,55.0,71.0,86.0,20743.0,1520.0,2247.0,3418.0,5727.0,7151.0,8034.0,8418.0,12107.0,11667.0,10691.0,12041.0,8353.0,10615.0,9060.0,8185.0,6689.0,6121.0,5677.0,3662.0,3523.0
EAP,East Asia & Pacific (developing only),694681.0,712095.0,976759.0,1013131.0,930497.0,932862.0,891041.0,870786.0,839464.0,926539.0,849428.0,792396.0,784817.0,707877.0,711122.0,727807.0,804961.0,724623.0,740993.0,976628.0,987173.0,988923.0,990050.0,1031242.0,784268.0
EAS,East Asia & Pacific (all income levels),694681.0,712100.0,976767.0,1013141.0,930793.0,933113.0,891211.0,870911.0,839599.0,926666.0,849550.0,792516.0,785154.0,708209.0,711496.0,728234.0,806634.0,726546.0,742465.0,977491.0,988066.0,989763.0,990937.0,1032036.0,785144.0
ECA,Europe & Central Asia (developing only),62280.0,85728.0,1125173.0,1331204.0,1485982.0,1404450.0,1919843.0,1736179.0,1525385.0,1489503.0,1121139.0,1057615.0,1430706.0,1277947.0,1118804.0,938988.0,886435.0,592205.0,605831.0,545614.0,524012.0,491709.0,473645.0,210653.0,431682.0
ECS,Europe & Central Asia (all income levels),217570.0,272188.0,1529462.0,1778178.0,1875046.0,1895785.0,2429552.0,2303118.0,2048277.0,1882131.0,1505321.0,1402154.0,1833432.0,1638730.0,1467649.0,1195146.0,1167145.0,796240.0,814013.0,738922.0,708333.0,670594.0,652979.0,340473.0,550506.0
ECU,Ecuador,3.0,27.0,40.0,47.0,174.0,206.0,221.0,217.0,512.0,496.0,671.0,653.0,822.0,730.0,727.0,775.0,887.0,1332.0,1066.0,1027.0,852.0,909.0,844.0,707.0,805.0
EGY,"Egypt, Arab Rep.",48.0,97.0,209.0,258.0,502.0,872.0,1202.0,1722.0,2612.0,3491.0,3953.0,4678.0,6443.0,5735.0,5376.0,6291.0,7613.0,6799.0,6780.0,6990.0,6913.0,7936.0,10020.0,12834.0,15873.0
EMU,Euro area,32.0,17.0,78.0,28551.0,16223.0,14473.0,8800.0,8703.0,6780.0,7053.0,6254.0,3606.0,8789.0,8617.0,7216.0,6959.0,8536.0,2429.0,2494.0,2502.0,2272.0,2417.0,2574.0,1861.0,1806.0
ERI,Eritrea,43.0,500633.0,503200.0,427213.0,422433.0,286712.0,332225.0,319077.0,346781.0,347138.0,376851.0,333229.0,318176.0,124121.0,131131.0,144066.0,193745.0,208748.0,186398.0,209168.0,222460.0,251954.0,285371.0,308022.0,330526.0
ESP,Spain,,,,,42.0,36.0,218.0,215.0,60.0,53.0,80.0,48.0,58.0,53.0,49.0,49.0,2444.0,41.0,27.0,34.0,42.0,43.0,52.0,56.0,60.0
EST,Estonia,,2.0,59.0,95.0,297.0,351.0,1310.0,1266.0,792.0,633.0,455.0,479.0,1060.0,1027.0,855.0,743.0,626.0,262.0,248.0,248.0,240.0,224.0,456.0,352.0,339.0
ETH,Ethiopia,1345928.0,251241.0,313129.0,251828.0,226436.0,100987.0,96270.0,84401.0,70680.0,71055.0,66410.0,58997.0,61240.0,62677.0,63150.0,65461.0,74026.0,59858.0,63878.0,62889.0,68848.0,70610.0,74968.0,77118.0,86861.0
EUU,European Union,90759.0,60797.0,218587.0,230389.0,164633.0,305418.0,351079.0,380822.0,364129.0,375439.0,353554.0,307498.0,322708.0,275259.0,248973.0,168834.0,131946.0,119385.0,112876.0,90931.0,78832.0,74820.0,73665.0,59639.0,49577.0
FCS,Fragile and conflict affected situations,9672159.0,10375499.0,9457971.0,9112787.0,8130856.0,7595937.0,7974292.0,7371941.0,7033449.0,7256269.0,8033366.0,8095140.0,6786304.0,6046393.0,6227391.0,5654397.0,6867590.0,8309480.0,7555642.0,7484632.0,7707547.0,7644049.0,7873171.0,9441393.0,11215988.0
FIN,Finland,,,,,,1.0,1.0,2.0,6.0,6.0,5.0,2.0,9.0,7.0,3.0,5.0,6.0,4.0,4.0,6.0,6.0,7.0,7.0,8.0,7.0
FJI,Fiji,1.0,1.0,19.0,89.0,156.0,222.0,305.0,326.0,301.0,328.0,401.0,731.0,1072.0,1087.0,1281.0,1379.0,1685.0,1828.0,1868.0,1892.0,1851.0,1579.0,1317.0,1112.0,924.0
FRA,France,,,,,20.0,15.0,44.0,61.0,64.0,63.0,78.0,44.0,90.0,110.0,110.0,286.0,82.0,101.0,101.0,87.0,92.0,99.0,100.0,98.0,92.0
GAB,Gabon,,,17.0,18.0,22.0,25.0,24.0,19.0,28.0,26.0,26.0,27.0,37.0,39.0,53.0,81.0,95.0,116.0,129.0,144.0,165.0,173.0,183.0,177.0,172.0
GBR,United Kingdom,1.0,1.0,1.0,2.0,108.0,77.0,73.0,79.0,92.0,106.0,113.0,109.0,164.0,149.0,144.0,135.0,174.0,201.0,185.0,156.0,153.0,150.0,153.0,142.0,141.0
GEO,Georgia,,,,6012.0,5117.0,308.0,48489.0,47164.0,35669.0,29878.0,21821.0,17498.0,16975.0,12497.0,6633.0,7301.0,6340.0,11810.0,12598.0,15020.0,10640.0,10112.0,9261.0,6772.0,6732.0
GHA,Ghana,4691.0,4701.0,4776.0,4473.0,14289.0,13592.0,15095.0,14775.0,13633.0,13293.0,14775.0,14556.0,15686.0,15879.0,14767.0,18433.0,9960.0,5063.0,13242.0,14893.0,20203.0,20361.0,24298.0,21378.0,22147.0
GIN,Guinea,,2.0,19.0,31.0,106.0,441.0,523.0,648.0,924.0,1151.0,1497.0,2019.0,3418.0,3871.0,4782.0,5820.0,6840.0,8278.0,9495.0,10920.0,11985.0,13161.0,14061.0,14594.0,15243.0
GMB,"Gambia, The",4.0,15.0,24.0,26.0,30.0,161.0,310.0,421.0,570.0,677.0,750.0,734.0,861.0,746.0,684.0,1683.0,1254.0,1267.0,1352.0,1973.0,2242.0,2583.0,3076.0,3434.0,5134.0
GNB,Guinea-Bissau,5003.0,5006.0,5008.0,5011.0,5015.0,830.0,856.0,868.0,8887.0,3185.0,886.0,927.0,986.0,975.0,1018.0,1050.0,1004.0,1028.0,1065.0,1109.0,1127.0,1123.0,1180.0,1236.0,1307.0
GNQ,Equatorial Guinea,,60.0,114.0,214.0,342.0,343.0,397.0,473.0,420.0,429.0,509.0,529.0,552.0,591.0,552.0,477.0,461.0,407.0,384.0,344.0,305.0,258.0,228.0,200.0,174.0
GRC,Greece,16.0,6.0,1.0,1.0,94.0,222.0,250.0,178.0,174.0,164.0,125.0,97.0,301.0,270.0,224.0,331.0,91.0,92.0,67.0,62.0,51.0,56.0,51.0,92.0,113.0
GRD,Grenada,4.0,4.0,1.0,,3.0,6.0,11.0,12.0,20.0,36.0,24.0,53.0,73.0,77.0,99.0,152.0,202.0,297.0,312.0,333.0,345.0,323.0,316.0,330.0,324.0
GTM,Guatemala,47988.0,52587.0,53941.0,50267.0,49610.0,42899.0,40342.0,37508.0,32747.0,28082.0,20711.0,16867.0,13888.0,6696.0,4376.0,3379.0,6496.0,6161.0,5934.0,5768.0,5679.0,6088.0,6388.0,6615.0,7483.0
GUY,Guyana,2.0,1.0,2.0,4.0,71.0,62.0,55.0,38.0,41.0,49.0,36.0,36.0,49.0,78.0,194.0,406.0,537.0,677.0,708.0,727.0,749.0,771.0,801.0,800.0,700.0
HIC,High income,171176.0,201542.0,419237.0,463179.0,409290.0,509970.0,526706.0,580612.0,533566.0,397909.0,388381.0,348632.0,408711.0,366829.0,355150.0,263783.0,292825.0,220382.0,224219.0,209192.0,201289.0,198025.0,200122.0,148977.0,137900.0
HKG,"Hong Kong SAR, China",,,2.0,2.0,261.0,205.0,105.0,50.0,42.0,20.0,13.0,7.0,5.0,9.0,8.0,,10.0,11.0,11.0,12.0,17.0,15.0,19.0,25.0,25.0
HND,Honduras,18.0,21.0,41.0,448.0,1214.0,1219.0,1259.0,1246.0,1101.0,1070.0,903.0,781.0,673.0,604.0,484.0,535.0,1035.0,1236.0,1116.0,1166.0,1302.0,1966.0,2613.0,3301.0,4159.0
HPC,Heavily indebted poor countries (HIPC),11718367.0,11131022.0,9715002.0,9404615.0,9204934.0,8084004.0,6803655.0,5976490.0,5785370.0,5885135.0,6925266.0,6804592.0,5578968.0,5094361.0,5379960.0,5022784.0,4931689.0,5608025.0,5273912.0,5390666.0,5709872.0,5893051.0,6008109.0,6118515.0,6292503.0
HRV,Croatia,,,168571.0,151688.0,76256.0,245572.0,310088.0,349307.0,338089.0,353725.0,335199.0,290279.0,274818.0,230189.0,215475.0,119148.0,93767.0,100423.0,97012.0,76478.0,65861.0,62649.0,62606.0,49760.0,40126.0
HTI,Haiti,2092.0,1858.0,2486.0,3866.0,9803.0,13925.0,15118.0,15481.0,13538.0,8766.0,7561.0,7248.0,7718.0,7547.0,9208.0,13542.0,20837.0,22280.0,23066.0,24116.0,25892.0,33661.0,38568.0,38660.0,37161.0
HUN,Hungary,5767.0,4733.0,3993.0,5016.0,4471.0,2348.0,3083.0,2669.0,1242.0,800.0,518.0,953.0,3517.0,3395.0,2749.0,3519.0,3118.0,3386.0,1614.0,1537.0,1438.0,1238.0,1087.0,1220.0,1267.0
IDN,Indonesia,7169.0,6164.0,6829.0,7924.0,8726.0,9836.0,11365.0,8799.0,9053.0,9020.0,9149.0,8970.0,9906.0,16240.0,27919.0,34384.0,34728.0,20558.0,19345.0,18213.0,16892.0,16079.0,15523.0,14786.0,9562.0
IND,India,198.0,408.0,1019.0,1492.0,3263.0,5011.0,7550.0,8924.0,9663.0,9845.0,11399.0,11571.0,14349.0,13706.0,13345.0,16285.0,17811.0,20466.0,19569.0,19514.0,17769.0,16232.0,14258.0,11042.0,10433.0
IRL,Ireland,,,,,3.0,2.0,2.0,1.0,,,3.0,3.0,7.0,6.0,3.0,21.0,4.0,10.0,7.0,7.0,8.0,8.0,9.0,9.0,10.0
IRN,"Iran, Islamic Rep.",75889.0,130366.0,128781.0,115523.0,121287.0,112364.0,104129.0,93993.0,89979.0,86855.0,88278.0,92491.0,138364.0,122530.0,115162.0,99428.0,102483.0,68397.0,69061.0,72774.0,68791.0,72361.0,75940.0,75043.0,82170.0
IRQ,Iraq,1133805.0,1321853.0,1343824.0,771077.0,749834.0,718719.0,714730.0,707338.0,675030.0,642886.0,526179.0,530511.0,422512.0,368580.0,311884.0,262299.0,1450905.0,2309245.0,1903519.0,1785212.0,1683579.0,1428308.0,746206.0,401417.0,369904.0
ISL,Iceland,,,,,,,4.0,5.0,5.0,5.0,5.0,,13.0,12.0,10.0,7.0,31.0,7.0,7.0,4.0,4.0,3.0,3.0,2.0,1.0
ISR,Israel,16.0,28.0,40.0,118.0,887.0,937.0,1126.0,987.0,835.0,478.0,416.0,363.0,564.0,625.0,672.0,632.0,882.0,1541.0,1494.0,1310.0,1301.0,1335.0,1340.0,1043.0,971.0
ITA,Italy,,,1.0,3.0,146.0,121.0,112.0,112.0,79.0,52.0,48.0,34.0,224.0,207.0,192.0,217.0,105.0,90.0,62.0,45.0,50.0,58.0,66.0,66.0,67.0
JAM,Jamaica,,,,3.0,7.0,10.0,18.0,21.0,27.0,33.0,37.0,37.0,147.0,259.0,350.0,489.0,660.0,766.0,826.0,909.0,1057.0,1250.0,1407.0,1503.0,1692.0
JOR,Jordan,55.0,112.0,183.0,242.0,443.0,513.0,708.0,719.0,899.0,973.0,919.0,775.0,1287.0,1162.0,1169.0,1789.0,1604.0,1787.0,1890.0,2129.0,2254.0,2250.0,2368.0,1632.0,1716.0
JPN,Japan,,,,,7.0,3.0,2.0,2.0,3.0,3.0,5.0,5.0,19.0,19.0,21.0,13.0,168.0,521.0,185.0,150.0,152.0,176.0,172.0,157.0,263.0
KAZ,Kazakhstan,,,1.0,2.0,27.0,139.0,40163.0,40774.0,20459.0,9057.0,2537.0,2803.0,6315.0,6559.0,6121.0,4316.0,7376.0,5235.0,4825.0,3744.0,3632.0,3500.0,3571.0,2136.0,2212.0
KEN,Kenya,10.0,33.0,63.0,85.0,8774.0,9327.0,9390.0,9570.0,6046.0,6138.0,2373.0,2559.0,3098.0,3163.0,3847.0,4640.0,5356.0,7546.0,9688.0,9620.0,8602.0,8745.0,8950.0,8589.0,8556.0
KGZ,Kyrgyz Republic,,,,1.0,14.0,22.0,17118.0,16320.0,7449.0,4003.0,748.0,685.0,2950.0,3141.0,3292.0,3122.0,2488.0,2254.0,2517.0,2612.0,2744.0,3162.0,3489.0,2311.0,2437.0
KHM,Cambodia,54364.0,43168.0,28851.0,9753.0,8538.0,61225.0,62244.0,103246.0,76576.0,38320.0,36855.0,34759.0,33456.0,31407.0,18121.0,17806.0,17965.0,17704.0,17253.0,17025.0,16314.0,15205.0,14024.0,13748.0,13062.0
KIR,Kiribati,,,,,,,,,,,,,3.0,16.0,32.0,33.0,41.0,38.0,38.0,33.0,33.0,33.0,33.0,20.0,3.0
KNA,St. Kitts and Nevis,,,,,,,,,,,,,2.0,1.0,1.0,31.0,2.0,2.0,4.0,4.0,7.0,9.0,12.0,15.0,22.0
KOR,"Korea, Rep.",,5.0,5.0,7.0,17.0,30.0,42.0,48.0,65.0,75.0,73.0,83.0,245.0,237.0,272.0,268.0,1335.0,1188.0,1104.0,573.0,585.0,514.0,558.0,500.0,481.0
KWT,Kuwait,44.0,47.0,74.0,89.0,756.0,762.0,854.0,825.0,830.0,992.0,692.0,701.0,709.0,616.0,398.0,381.0,617.0,746.0,854.0,938.0,988.0,1120.0,1197.0,977.0,994.0
LAC,Latin America & Caribbean (developing only),155030.0,159814.0,157734.0,140872.0,151416.0,140340.0,135725.0,129932.0,118187.0,108872.0,81364.0,83122.0,91937.0,88059.0,92610.0,113065.0,157913.0,617226.0,438593.0,454163.0,461735.0,474016.0,480640.0,486216.0,194820.0
LAO,Lao PDR,135633.0,122326.0,96157.0,74501.0,54896.0,58193.0,46909.0,37367.0,29017.0,21396.0,16094.0,12631.0,11235.0,10363.0,16114.0,24442.0,26447.0,10013.0,8598.0,8398.0,8414.0,8088.0,7984.0,7745.0,7482.0
LBN,Lebanon,6993.0,8501.0,10257.0,10635.0,15654.0,13515.0,10890.0,10235.0,9786.0,7685.0,10215.0,8763.0,26320.0,24932.0,19866.0,18323.0,12252.0,13094.0,12967.0,16260.0,15869.0,15013.0,15106.0,3824.0,4272.0
LBR,Liberia,735689.0,673435.0,520915.0,704051.0,797835.0,744637.0,784008.0,493340.0,365398.0,294694.0,266930.0,244608.0,275422.0,353344.0,335467.0,231139.0,160548.0,91540.0,75213.0,71599.0,70129.0,66780.0,23428.0,17576.0,13548.0
LBY,Libya,581.0,840.0,686.0,597.0,672.0,624.0,281.0,274.0,433.0,568.0,619.0,888.0,1456.0,1570.0,1720.0,1575.0,1573.0,1954.0,2084.0,2202.0,2309.0,4384.0,5251.0,3322.0,4194.0
LCA,St. Lucia,,,,,,2.0,2.0,3.0,5.0,9.0,11.0,9.0,10.0,16.0,34.0,99.0,163.0,227.0,288.0,314.0,334.0,433.0,566.0,710.0,922.0
LCN,Latin America & Caribbean (all income levels),170755.0,174622.0,172324.0,156535.0,168121.0,155710.0,149535.0,140589.0,126018.0,111628.0,83389.0,85154.0,95056.0,91109.0,96000.0,117676.0,163820.0,624949.0,446951.0,462809.0,470692.0,484067.0,491274.0,496474.0,204653.0
LDC,Least developed countries: UN classification,12258482.0,11676870.0,10465906.0,10198870.0,9888779.0,8741568.0,7448024.0,6621596.0,6404487.0,6644430.0,7739085.0,7613469.0,6279953.0,5641185.0,5842437.0,5491269.0,5435560.0,6077424.0,5704660.0,5994105.0,6277536.0,6329840.0,6458616.0,6660857.0,7083034.0
LIC,Low income,11064566.0,10821458.0,9329799.0,8890202.0,8669965.0,7556673.0,6247725.0,5565196.0,5336651.0,5331889.0,6375778.0,6263730.0,4988756.0,4399596.0,4562144.0,4247082.0,4159301.0,5009028.0,4758917.0,4934947.0,5213857.0,5175270.0,5362198.0,5435414.0,6110670.0
LIE,Liechtenstein,,,,,,,,,,,,,,,,,,,,,,,,,0.0
LKA,Sri Lanka,208271.0,209349.0,128115.0,91845.0,114456.0,107589.0,109578.0,122287.0,114976.0,116709.0,124160.0,122420.0,133239.0,122010.0,114050.0,108139.0,116966.0,134952.0,137752.0,145721.0,141074.0,136617.0,132731.0,123088.0,121996.0
LMC,Lower middle income,1645253.0,1394273.0,1978998.0,2093504.0,2125671.0,2075843.0,2271693.0,2053271.0,1920946.0,2112581.0,1822969.0,1987749.0,2239518.0,2167234.0,2273612.0,2253369.0,2223111.0,1963205.0,1876252.0,1809160.0,1838263.0,2041313.0,2756986.0,4554483.0,6213486.0
LMY,Low & middle income,14435571.0,14183786.0,14081318.0,13408584.0,13325614.0,12008468.0,11207508.0,10159009.0,9682362.0,9853757.0,10428604.0,10474873.0,9694587.0,8706226.0,8667952.0,8087859.0,9215871.0,10826548.0,9924115.0,9848240.0,10032865.0,9912068.0,10013890.0,11293138.0,13315113.0
LSO,Lesotho,4.0,4.0,,55.0,,,2.0,3.0,3.0,3.0,4.0,1.0,4.0,6.0,7.0,6.0,9.0,7.0,8.0,10.0,11.0,11.0,13.0,15.0,17.0
LTU,Lithuania,4.0,4.0,8.0,11.0,63.0,109.0,662.0,649.0,282.0,258.0,163.0,216.0,1371.0,1541.0,1482.0,1448.0,942.0,466.0,490.0,501.0,515.0,528.0,491.0,220.0,183.0
LUX,Luxembourg,,,,,,,,,,,,,,,1.0,1.0,2.0,2.0,,,,,,1.0,2.0
LVA,Latvia,,,4.0,4.0,93.0,160.0,1958.0,1915.0,1013.0,907.0,491.0,619.0,3082.0,3177.0,2826.0,2430.0,1424.0,662.0,763.0,791.0,713.0,709.0,662.0,233.0,213.0
MAC,"Macao SAR, China",,,,,,,1.0,1.0,1.0,1.0,6.0,8.0,15.0,15.0,20.0,9.0,9.0,9.0,9.0,9.0,10.0,10.0,1.0,1.0,5.0
MAR,Morocco,15.0,44.0,91.0,105.0,180.0,301.0,297.0,310.0,353.0,377.0,392.0,363.0,1269.0,1291.0,1319.0,2920.0,4710.0,4039.0,3533.0,2286.0,2284.0,2312.0,2407.0,1318.0,1532.0
MCO,Monaco,,,,,,,1.0,1.0,1.0,1.0,1.0,,1.0,1.0,,,,,,1.0,2.0,4.0,4.0,3.0,3.0
MDA,Moldova,,,,6.0,458.0,529.0,5829.0,5141.0,2754.0,2407.0,2657.0,3737.0,10130.0,11146.0,11937.0,12064.0,11680.0,4918.0,5555.0,5925.0,6200.0,6264.0,6148.0,2207.0,2242.0
MDG,Madagascar,,1.0,1.0,1.0,3.0,79.0,79.0,76.0,66.0,54.0,54.0,40.0,53.0,88.0,135.0,203.0,260.0,284.0,277.0,274.0,270.0,289.0,301.0,296.0,281.0
MDV,Maldives,1.0,1.0,,,,,1.0,1.0,2.0,3.0,4.0,3.0,3.0,1.0,3.0,13.0,17.0,17.0,16.0,16.0,19.0,21.0,24.0,31.0,36.0
MEA,Middle East & North Africa (all income levels),1228229.0,1530356.0,1584149.0,985856.0,1019356.0,950070.0,945300.0,916343.0,878737.0,864304.0,761647.0,1005897.0,1063565.0,915116.0,845300.0,776961.0,1943227.0,2779179.0,2372429.0,2017484.0,1908927.0,1661705.0,1696515.0,3075044.0,4454220.0
MEX,Mexico,,,,,248.0,361.0,520.0,665.0,1016.0,1359.0,1291.0,1594.0,1670.0,1652.0,1744.0,2313.0,3304.0,5572.0,6162.0,6435.0,6816.0,7472.0,8435.0,9396.0,10666.0
MHL,Marshall Islands,,,,,,,,,,,,,,,,,,,,,,,2.0,3.0,3.0
MIC,Middle income,3371005.0,3362328.0,4751519.0,4518382.0,4655649.0,4451795.0,4959783.0,4593813.0,4345711.0,4521868.0,4052826.0,4211143.0,4705831.0,4306630.0,4105808.0,3840777.0,5056570.0,5817520.0,5165198.0,4913293.0,4819008.0,4736798.0,4651692.0,5857724.0,7204443.0
MKD,"Macedonia, FYR",,,,1897.0,347.0,12883.0,13041.0,12747.0,1939.0,2089.0,2176.0,12197.0,8107.0,5982.0,5106.0,8600.0,7940.0,8077.0,7521.0,7926.0,7889.0,7684.0,7589.0,1633.0,1768.0
MLI,Mali,1.0,14704.0,71189.0,98572.0,172905.0,77219.0,55198.0,18015.0,3702.0,387.0,364.0,311.0,531.0,461.0,483.0,520.0,594.0,4494.0,1758.0,2926.0,3663.0,4295.0,149943.0,152864.0,139267.0
MLT,Malta,1.0,1.0,1.0,,7.0,13.0,18.0,14.0,17.0,22.0,16.0,7.0,8.0,7.0,3.0,5.0,28.0,9.0,9.0,9.0,6.0,6.0,6.0,6.0,5.0
MMR,Myanmar,28.0,40053.0,245130.0,281574.0,204510.0,152298.0,143017.0,135772.0,133407.0,131663.0,137128.0,145856.0,148501.0,151384.0,161013.0,164864.0,202826.0,191313.0,184413.0,406669.0,415670.0,414626.0,415371.0,479608.0,223891.0
MNA,Middle East & North Africa (developing only),1228129.0,1530228.0,1583981.0,985582.0,1017396.0,947987.0,942969.0,914044.0,876555.0,862424.0,760330.0,1004722.0,1062067.0,913536.0,843862.0,775698.0,1940665.0,2775644.0,2368897.0,2013969.0,1905279.0,1657643.0,1692084.0,3072026.0,4451133.0
MNE,Montenegro,,,,,,,,,,,,,,,,,135.0,557.0,1283.0,2582.0,3246.0,3698.0,4054.0,597.0,604.0
MNG,Mongolia,1.0,1.0,1.0,1.0,4.0,4.0,7.0,9.0,19.0,25.0,23.0,60.0,280.0,324.0,442.0,654.0,868.0,1101.0,1333.0,1495.0,1724.0,1985.0,2114.0,2064.0,2146.0
MOZ,Mozambique,1247992.0,1316636.0,1445474.0,1172550.0,234497.0,125562.0,34657.0,33652.0,59.0,35.0,30.0,46.0,130.0,111.0,104.0,104.0,231.0,222.0,208.0,136.0,131.0,155.0,160.0,56.0,58.0
MRT,Mauritania,65999.0,79881.0,79594.0,67894.0,68043.0,84312.0,83234.0,70294.0,70224.0,29948.0,29752.0,29862.0,30137.0,30525.0,31131.0,31651.0,33428.0,33108.0,45601.0,39143.0,37733.0,39929.0,33765.0,34257.0,34114.0
MUS,Mauritius,,,,,1.0,13.0,13.0,3.0,15.0,8.0,35.0,35.0,43.0,61.0,19.0,27.0,80.0,71.0,24.0,23.0,28.0,42.0,62.0,81.0,94.0
MWI,Malawi,53.0,50.0,50.0,44.0,60.0,37.0,39.0,34.0,28.0,34.0,33.0,25.0,48.0,59.0,94.0,101.0,113.0,97.0,106.0,130.0,171.0,222.0,277.0,326.0,360.0
MYS,Malaysia,,3.0,4.0,4.0,82.0,79.0,103.0,87.0,90.0,86.0,82.0,79.0,119.0,239.0,292.0,394.0,584.0,615.0,608.0,532.0,552.0,537.0,531.0,485.0,468.0
NAC,North America,1.0,12.0,14.0,16.0,370.0,249.0,151.0,86.0,67.0,60.0,203.0,224.0,435.0,455.0,507.0,807.0,1451.0,2704.0,2238.0,2467.0,3116.0,3887.0,4579.0,4861.0,5081.0
NAM,Namibia,532.0,204.0,15.0,133.0,65.0,13.0,12.0,2.0,1902.0,701.0,2308.0,2297.0,1302.0,1293.0,1314.0,1226.0,1203.0,1128.0,985.0,921.0,1017.0,1073.0,1098.0,1142.0,1253.0
NER,Niger,,2.0,22008.0,22307.0,22024.0,10291.0,10361.0,2788.0,423.0,514.0,493.0,483.0,834.0,728.0,689.0,655.0,818.0,827.0,796.0,822.0,803.0,819.0,832.0,733.0,738.0
NGA,Nigeria,16.0,23.0,76.0,100.0,592.0,1939.0,4754.0,3059.0,3999.0,4441.0,5742.0,6084.0,24572.0,24428.0,23892.0,22128.0,13253.0,13904.0,14169.0,15609.0,15642.0,17141.0,18021.0,31664.0,54537.0
NIC,Nicaragua,52618.0,46789.0,44275.0,33052.0,28591.0,23938.0,22820.0,22494.0,21389.0,20573.0,5071.0,4399.0,4050.0,3983.0,1822.0,1463.0,1828.0,1900.0,1537.0,1478.0,1431.0,1468.0,1531.0,1538.0,1587.0
NLD,Netherlands,,,,,75.0,85.0,96.0,77.0,57.0,29.0,15.0,4.0,30.0,44.0,48.0,159.0,39.0,43.0,46.0,44.0,53.0,64.0,71.0,64.0,68.0
NOC,High income: nonOECD,119072.0,156610.0,383231.0,395812.0,331282.0,456028.0,489315.0,552718.0,514825.0,386348.0,378821.0,338860.0,373920.0,334483.0,331387.0,230999.0,262968.0,204142.0,211312.0,197278.0,189652.0,185675.0,187289.0,136544.0,124979.0
NOR,Norway,,,,,2.0,1.0,1.0,3.0,4.0,4.0,4.0,3.0,5.0,6.0,5.0,15.0,4.0,3.0,4.0,4.0,7.0,7.0,9.0,13.0,13.0
NPL,Nepal,,,1.0,1.0,4.0,27.0,44.0,52.0,101.0,186.0,235.0,306.0,902.0,1231.0,1416.0,2065.0,2647.0,3364.0,4189.0,5108.0,5889.0,6854.0,7612.0,8112.0,8561.0
NZL,New Zealand,,,,,,,,,,,,,2.0,1.0,3.0,4.0,8.0,13.0,10.0,10.0,15.0,18.0,20.0,17.0,17.0
OEC,High income: OECD,52104.0,44932.0,36006.0,67367.0,78008.0,53942.0,37391.0,27894.0,18741.0,11561.0,9560.0,9772.0,34791.0,32346.0,23763.0,32784.0,29857.0,16240.0,12907.0,11914.0,11637.0,12350.0,12833.0,12433.0,12921.0
OED,OECD members,57612.0,51384.0,46095.0,84135.0,107129.0,99169.0,88265.0,75900.0,64776.0,56932.0,58006.0,58456.0,230165.0,219096.0,200081.0,205664.0,260393.0,243751.0,233447.0,164736.0,165247.0,159601.0,156640.0,88436.0,87562.0
OMN,Oman,,,,,3.0,10.0,10.0,10.0,11.0,11.0,5.0,5.0,19.0,11.0,18.0,12.0,39.0,43.0,56.0,64.0,63.0,60.0,65.0,26.0,29.0
OSS,Other small states,5617.0,14879.0,80692.0,90866.0,127437.0,124656.0,126780.0,118760.0,120896.0,277132.0,237676.0,188975.0,145037.0,108496.0,109782.0,112002.0,113307.0,116107.0,111422.0,97257.0,84368.0,68233.0,52889.0,40128.0,34379.0
PAK,Pakistan,486.0,525.0,1086.0,1422.0,4430.0,5277.0,7502.0,5985.0,6864.0,8015.0,10133.0,12324.0,23163.0,24389.0,25949.0,29913.0,25639.0,31858.0,32403.0,35132.0,39982.0,35952.0,49785.0,48867.0,315759.0
PAN,Panama,629.0,640.0,652.0,677.0,486.0,160.0,149.0,122.0,85.0,72.0,67.0,37.0,44.0,30.0,40.0,42.0,75.0,109.0,111.0,105.0,100.0,100.0,107.0,105.0,89.0
PER,Peru,256.0,475.0,727.0,1970.0,4332.0,5904.0,6696.0,6610.0,7066.0,7206.0,6944.0,6502.0,6430.0,5581.0,4769.0,4865.0,6985.0,7743.0,7339.0,6271.0,5834.0,5491.0,5212.0,4765.0,4343.0
PHL,Philippines,10.0,15.0,46.0,113.0,436.0,516.0,598.0,525.0,45598.0,45520.0,45482.0,45467.0,45608.0,412.0,434.0,465.0,886.0,1552.0,1354.0,993.0,970.0,952.0,986.0,726.0,668.0
PLW,Palau,,,,,,,,,,,,,,,,,,1.0,1.0,,,,,1.0,1.0
PNG,Papua New Guinea,,,,,,2000.0,2008.0,808.0,220.0,9.0,8.0,8.0,16.0,18.0,18.0,23.0,31.0,36.0,46.0,70.0,89.0,128.0,174.0,221.0,288.0
POL,Poland,25632.0,21643.0,14518.0,13390.0,35938.0,19732.0,12869.0,7294.0,1880.0,1245.0,865.0,3191.0,16712.0,15211.0,10677.0,19641.0,13513.0,2915.0,2391.0,2059.0,1764.0,1815.0,1640.0,1429.0,1310.0
PRI,Puerto Rico,,,,,12.0,12.0,12.0,,,,,,,,,,,,,,,,,,
PRK,"Korea, Dem. Rep.",,,,,3.0,7.0,11.0,1.0,9.0,13.0,13.0,19.0,259.0,304.0,343.0,288.0,397.0,605.0,886.0,881.0,917.0,1052.0,1132.0,1166.0,1282.0
PRT,Portugal,,,,,25.0,25.0,217.0,213.0,18.0,15.0,23.0,17.0,62.0,55.0,47.0,74.0,25.0,32.0,36.0,31.0,30.0,28.0,32.0,32.0,31.0
PRY,Paraguay,19.0,8.0,9.0,14.0,63.0,51.0,44.0,20.0,21.0,18.0,19.0,8.0,31.0,32.0,37.0,44.0,105.0,102.0,101.0,77.0,86.0,91.0,101.0,95.0,94.0
PSS,Pacific island small states,1.0,1.0,19.0,89.0,157.0,259.0,345.0,367.0,341.0,368.0,442.0,778.0,1140.0,1178.0,1382.0,1443.0,1776.0,1924.0,1972.0,1996.0,1967.0,1697.0,1429.0,1219.0,1027.0
PYF,French Polynesia,,,,,,,,,,,,,,,,1.0,1.0,,,,,,,,
QAT,Qatar,,,,,49.0,30.0,18.0,19.0,23.0,8.0,1.0,,8.0,13.0,10.0,11.0,52.0,62.0,71.0,68.0,112.0,95.0,124.0,17.0,21.0
ROM,Romania,51282.0,27177.0,25118.0,23572.0,22278.0,16978.0,11871.0,8951.0,10921.0,8558.0,7348.0,6052.0,8847.0,8387.0,5916.0,11502.0,7234.0,5306.0,4756.0,4358.0,3934.0,3428.0,2807.0,2329.0,1921.0
RUS,Russian Federation,117736.0,155576.0,213802.0,243312.0,251393.0,207034.0,173723.0,198063.0,172730.0,28314.0,40310.0,45156.0,91626.0,96420.0,107975.0,103037.0,159381.0,93224.0,103061.0,109455.0,111948.0,109785.0,110588.0,74357.0,72777.0
RWA,Rwanda,361322.0,431240.0,434736.0,450462.0,2257573.0,1819366.0,469136.0,68003.0,77743.0,88944.0,119056.0,84513.0,75257.0,75263.0,63812.0,100264.0,92966.0,80964.0,72530.0,129109.0,115524.0,106833.0,97373.0,83937.0,79411.0
SAS,South Asia,6548528.0,6526699.0,4811737.0,3611828.0,3012792.0,2958743.0,2963692.0,2966999.0,2909068.0,2848536.0,3847613.0,4072784.0,2800281.0,2406923.0,2680150.0,2436405.0,2386475.0,3369159.0,3142120.0,3192116.0,3344561.0,2928157.0,2842313.0,2789102.0,3084660.0
SAU,Saudi Arabia,,,,7.0,183.0,260.0,242.0,358.0,362.0,233.0,77.0,35.0,109.0,236.0,214.0,151.0,617.0,753.0,712.0,633.0,667.0,745.0,818.0,584.0,630.0
SDN,Sudan,523998.0,196242.0,267767.0,393871.0,405135.0,445280.0,475305.0,364589.0,390013.0,485460.0,494363.0,489950.0,508877.0,606242.0,730650.0,693632.0,686311.0,523032.0,419248.0,368195.0,387288.0,500014.0,568943.0,649331.0,659395.0
SEN,Senegal,60006.0,25138.0,15466.0,22601.0,25622.0,17592.0,17631.0,17163.0,9716.0,11606.0,11088.0,8559.0,12069.0,8351.0,8332.0,8671.0,15163.0,15896.0,16006.0,16305.0,16267.0,17722.0,18724.0,19884.0,23118.0
SGP,Singapore,,,1.0,1.0,9.0,9.0,19.0,22.0,23.0,25.0,22.0,16.0,39.0,35.0,36.0,39.0,111.0,116.0,109.0,80.0,76.0,67.0,68.0,65.0,59.0
SLB,Solomon Islands,,,,,,34.0,34.0,34.0,34.0,34.0,34.0,42.0,54.0,60.0,61.0,27.0,38.0,48.0,52.0,66.0,75.0,72.0,61.0,61.0,70.0
SLE,Sierra Leone,9.0,142614.0,253592.0,311183.0,275302.0,379495.0,375104.0,329327.0,406077.0,490061.0,402807.0,179113.0,141475.0,70580.0,41802.0,40477.0,42863.0,32127.0,32536.0,15417.0,11275.0,8002.0,6202.0,5320.0,4997.0
SLV,El Salvador,30019.0,33049.0,30855.0,26124.0,30735.0,23535.0,19639.0,17126.0,12591.0,12410.0,7756.0,7150.0,6632.0,5658.0,4497.0,4281.0,6388.0,6022.0,5151.0,5051.0,4976.0,6720.0,8171.0,9638.0,10965.0
SMR,San Marino,,,,,,,,2.0,4.0,4.0,4.0,,3.0,1.0,1.0,1.0,2.0,2.0,1.0,1.0,2.0,1.0,1.0,1.0,1.0
SOM,Somalia,470174.0,732594.0,812195.0,574617.0,631426.0,638698.0,636985.0,608094.0,557959.0,524613.0,475655.0,440134.0,432316.0,402336.0,389314.0,395553.0,464038.0,457356.0,561155.0,678309.0,770154.0,1077048.0,1136719.0,1121738.0,1106068.0
SRB,Serbia,1745.0,45823.0,90081.0,58253.0,54976.0,86120.0,103967.0,106654.0,115292.0,172509.0,146748.0,144231.0,327587.0,296632.0,236999.0,189989.0,174027.0,165643.0,185935.0,195626.0,183289.0,161671.0,158908.0,48693.0,45854.0
SSA,Sub-Saharan Africa (developing only),5746923.0,5169222.0,5425934.0,6325967.0,6727531.0,5624086.0,4354238.0,3541069.0,3413703.0,3617883.0,3768730.0,3464234.0,3524779.0,3311884.0,3221404.0,3095896.0,3039422.0,2747691.0,2627681.0,2665750.0,2810105.0,3371620.0,3535158.0,3703899.0,4368550.0
SSD,South Sudan,,,,,,,,,,,,,,,,,,,,,,1.0,87009.0,114467.0,616142.0
SSF,Sub-Saharan Africa (all income levels),5746983.0,5169351.0,5426102.0,6326209.0,6728426.0,5624768.0,4354773.0,3541575.0,3414162.0,3618341.0,3769262.0,3464776.0,3525375.0,3312513.0,3222000.0,3096413.0,3039944.0,2748153.0,2628118.0,2666143.0,2810459.0,3371920.0,3535415.0,3704125.0,4368749.0
SST,Small states,12245.0,20807.0,83260.0,91856.0,128622.0,125844.0,128000.0,119903.0,121880.0,278120.0,238656.0,190224.0,146699.0,110362.0,112170.0,115053.0,117380.0,121072.0,116714.0,102816.0,90207.0,74506.0,59473.0,47002.0,41627.0
STP,Sao Tome and Principe,1.0,1.0,1.0,1.0,30.0,36.0,49.0,43.0,42.0,30.0,25.0,23.0,39.0,42.0,39.0,24.0,32.0,33.0,35.0,33.0,33.0,33.0,32.0,31.0,22.0
SUR,Suriname,6620.0,5921.0,2545.0,893.0,915.0,817.0,754.0,663.0,491.0,411.0,334.0,237.0,103.0,70.0,51.0,29.0,66.0,63.0,50.0,45.0,25.0,20.0,15.0,17.0,17.0
SVK,Slovak Republic,,,,,12.0,26.0,57.0,70.0,143.0,178.0,220.0,191.0,595.0,667.0,619.0,791.0,741.0,342.0,331.0,334.0,158.0,269.0,239.0,323.0,319.0
SVN,Slovenia,,,,28429.0,14829.0,12860.0,3368.0,3414.0,3302.0,3295.0,3284.0,765.0,858.0,610.0,582.0,155.0,1760.0,52.0,52.0,39.0,38.0,32.0,34.0,28.0,26.0
SWE,Sweden,,,,,11.0,25.0,38.0,40.0,41.0,31.0,18.0,5.0,28.0,32.0,29.0,75.0,16.0,16.0,15.0,19.0,25.0,24.0,20.0,17.0,18.0
SWZ,Swaziland,,,,1.0,13.0,15.0,17.0,20.0,30.0,28.0,16.0,15.0,19.0,5.0,14.0,13.0,22.0,25.0,32.0,32.0,36.0,43.0,65.0,109.0,161.0
SXM,Sint Maarten (Dutch part),,,,,,,,,,,,,,,,,,,,,,,,,0.0
SYC,Seychelles,60.0,69.0,54.0,28.0,553.0,339.0,138.0,33.0,39.0,29.0,23.0,13.0,44.0,38.0,44.0,40.0,61.0,55.0,53.0,49.0,49.0,42.0,29.0,26.0,25.0
SYR,Syrian Arab Republic,2148.0,3037.0,4408.0,5404.0,7087.0,7994.0,8609.0,8653.0,8126.0,6695.0,5871.0,4869.0,18913.0,20819.0,21439.0,16401.0,12337.0,13690.0,15211.0,17914.0,18452.0,19931.0,729022.0,2468369.0,3865720.0
TCA,Turks and Caicos Islands,,,,,,,,,,,,,,,,,1.0,1.0,1.0,1.0,1.0,14.0,14.0,15.0,15.0
TCD,Chad,184806.0,72319.0,66381.0,212932.0,211971.0,59727.0,58445.0,55025.0,61298.0,58797.0,54962.0,46294.0,47349.0,52275.0,52663.0,48400.0,36300.0,55722.0,55105.0,55014.0,53733.0,42640.0,39694.0,48644.0,14855.0
TGO,Togo,6.0,18.0,106.0,291060.0,167871.0,93155.0,25593.0,7187.0,3506.0,3692.0,4016.0,4354.0,10448.0,10614.0,10819.0,51107.0,27332.0,22502.0,16750.0,18378.0,18330.0,17871.0,15693.0,10347.0,9277.0
THA,Thailand,20.0,30.0,35.0,36.0,137.0,211.0,284.0,272.0,295.0,318.0,217.0,94.0,344.0,296.0,319.0,424.0,3325.0,2325.0,1815.0,502.0,356.0,368.0,381.0,222.0,231.0
TJK,Tajikistan,,,60008.0,70108.0,57144.0,58956.0,107503.0,75878.0,56349.0,45167.0,59940.0,56108.0,63267.0,58936.0,56780.0,54753.0,645.0,894.0,544.0,562.0,577.0,612.0,674.0,661.0,713.0
TKM,Turkmenistan,,,,,7.0,47.0,2937.0,3181.0,1562.0,1051.0,300.0,310.0,801.0,840.0,812.0,820.0,692.0,678.0,736.0,743.0,738.0,726.0,723.0,517.0,486.0
TMP,Timor-Leste,,,,,,,,,,162472.0,122202.0,73042.0,28097.0,127.0,221.0,251.0,251.0,6.0,7.0,7.0,8.0,8.0,9.0,10.0,13.0
TON,Tonga,,,,,,,3.0,3.0,2.0,2.0,3.0,1.0,8.0,12.0,5.0,4.0,6.0,5.0,7.0,5.0,6.0,10.0,13.0,18.0,22.0
TTO,Trinidad and Tobago,1.0,1.0,1.0,1.0,13.0,14.0,16.0,21.0,26.0,25.0,24.0,16.0,35.0,38.0,41.0,63.0,153.0,211.0,231.0,240.0,255.0,297.0,333.0,336.0,371.0
TUN,Tunisia,42.0,63.0,86.0,104.0,212.0,333.0,406.0,698.0,932.0,1240.0,1207.0,1368.0,2543.0,2563.0,2518.0,3129.0,2845.0,2507.0,2349.0,2260.0,2174.0,1952.0,1935.0,1371.0,1486.0
TUR,Turkey,5508.0,6452.0,10089.0,16768.0,28873.0,44866.0,50354.0,47341.0,45019.0,44012.0,47155.0,47090.0,193704.0,185098.0,174574.0,170567.0,227232.0,221939.0,214378.0,146387.0,146794.0,139779.0,135372.0,66607.0,63975.0
TUV,Tuvalu,,,,,,3.0,3.0,3.0,3.0,3.0,3.0,3.0,3.0,3.0,3.0,,3.0,2.0,2.0,,,1.0,1.0,2.0,2.0
TZA,Tanzania,8.0,11.0,20.0,32.0,62.0,68.0,65.0,66.0,102.0,118.0,313.0,378.0,580.0,711.0,985.0,1549.0,1667.0,1255.0,1270.0,1204.0,1144.0,1163.0,1122.0,1040.0,857.0
UGA,Uganda,58820.0,39386.0,32456.0,33415.0,31450.0,24166.0,28339.0,55241.0,13301.0,13937.0,32414.0,40141.0,40425.0,35247.0,31963.0,34225.0,21752.0,21341.0,7548.0,7554.0,6441.0,5680.0,5608.0,8177.0,7190.0
UKR,Ukraine,,,38.0,134.0,915.0,1701.0,6107.0,6348.0,4596.0,12236.0,19312.0,26716.0,85265.0,94148.0,89579.0,84228.0,63723.0,25985.0,28424.0,24522.0,25111.0,25379.0,25256.0,5172.0,237636.0
UMC,Upper middle income,1725752.0,1968055.0,2772521.0,2424878.0,2529978.0,2375952.0,2688090.0,2540542.0,2424765.0,2409287.0,2229857.0,2223394.0,2466313.0,2139396.0,1832196.0,1587408.0,2833459.0,3854315.0,3288946.0,3104133.0,2980745.0,2695485.0,1894706.0,1303241.0,990957.0
URY,Uruguay,842.0,601.0,429.0,162.0,362.0,262.0,201.0,89.0,74.0,39.0,51.0,46.0,61.0,57.0,81.0,111.0,163.0,197.0,199.0,188.0,186.0,184.0,171.0,146.0,124.0
USA,United States,1.0,8.0,10.0,12.0,366.0,245.0,143.0,75.0,51.0,41.0,176.0,219.0,383.0,395.0,451.0,683.0,1356.0,2174.0,2137.0,2368.0,3026.0,3778.0,4456.0,4761.0,4986.0
UZB,Uzbekistan,,,,2.0,29060.0,143.0,69747.0,69069.0,51729.0,45533.0,3628.0,3458.0,6881.0,7391.0,7288.0,8323.0,9102.0,5663.0,6308.0,6669.0,8840.0,12664.0,11593.0,4965.0,4796.0
VCT,St. Vincent and the Grenadines,,,,,7.0,7.0,13.0,13.0,24.0,36.0,48.0,67.0,81.0,105.0,181.0,279.0,387.0,646.0,750.0,849.0,946.0,1127.0,1316.0,1535.0,1736.0
VEN,"Venezuela, RB",,1.0,4.0,135.0,371.0,476.0,557.0,608.0,570.0,556.0,471.0,466.0,526.0,598.0,1256.0,2590.0,3829.0,5094.0,5807.0,6221.0,6701.0,7577.0,8208.0,8395.0,8009.0
VNM,Vietnam,496029.0,498323.0,517111.0,527627.0,539101.0,543541.0,518340.0,476795.0,435437.0,405377.0,370758.0,353224.0,373741.0,363179.0,349780.0,358268.0,374279.0,327776.0,328183.0,339289.0,338698.0,337829.0,336939.0,314105.0,313418.0
VUT,Vanuatu,,,,,,,,,,,,,,,,,,,,,1.0,1.0,1.0,1.0,1.0
WBG,West Bank and Gaza,8521.0,65177.0,95343.0,81474.0,82564.0,72768.0,80215.0,76821.0,77524.0,100602.0,110640.0,349161.0,428782.0,350568.0,350617.0,349673.0,334142.0,341237.0,340016.0,95201.0,93323.0,94150.0,94918.0,96044.0,97235.0
WLD,World,19805688.0,19414923.0,20023531.0,18718993.0,18325596.0,17418028.0,16102005.0,14934398.0,14552205.0,14863846.0,15451236.0,15643310.0,14265347.0,13437842.0,13530667.0,12863676.0,14326136.0,15953753.0,15161623.0,15163210.0,15516348.0,15202525.0,15417872.0,15727390.0,17531780.0
WSM,Samoa,,,,,1.0,,,1.0,1.0,1.0,1.0,1.0,,,,,3.0,2.0,4.0,,1.0,1.0,1.0,1.0,1.0
YEM,"Yemen, Rep.",8.0,73.0,31.0,39.0,150.0,369.0,1154.0,1721.0,1935.0,2022.0,2113.0,1985.0,1600.0,1597.0,1606.0,1325.0,1362.0,1632.0,1777.0,1934.0,2076.0,2323.0,2594.0,2428.0,2628.0
ZAF,South Africa,14783.0,11206.0,9241.0,9094.0,1514.0,488.0,290.0,244.0,188.0,193.0,168.0,123.0,275.0,288.0,272.0,268.0,510.0,474.0,453.0,384.0,380.0,429.0,420.0,423.0,424.0
ZAR,"Congo, Dem. Rep.",67423.0,65816.0,81269.0,74826.0,73286.0,89738.0,158794.0,173995.0,158833.0,255950.0,371713.0,392146.0,421362.0,453465.0,462208.0,430929.0,401914.0,370374.0,367995.0,455852.0,476693.0,491481.0,509290.0,499541.0,516562.0
ZMB,Zambia,1.0,1.0,1990.0,1574.0,16.0,20.0,40.0,63.0,77.0,87.0,98.0,62.0,92.0,100.0,124.0,151.0,203.0,196.0,195.0,206.0,228.0,240.0,243.0,232.0,316.0
ZWE,Zimbabwe,4.0,128.0,9.0,17.0,42.0,36.0,34.0,38.0,42.0,43.0,109.0,257.0,4030.0,7162.0,9568.0,11251.0,12782.0,14374.0,16841.0,22449.0,24089.0,25048.0,22101.0,19681.0,22494.0
