CountryCode,CountryName,1975,1976,1977,1978,1979,1980,1981,1982,1983,1984,1985,1986,1987,1988,1989,1990,1991,1992,1993,1994,1995,1996,1997,1998,1999,2000,2001,2002,2003,2004,2005,2006,2007,2008,2009,2010,2011,2012,2013,2014
ABW,Aruba,,,,,,,,,,,,,,,,,,,,,,,,,,99.0264129638672,,,,,,,,,,99.1384124755859,,,,
AFG,Afghanistan,,,,,30.06635,,,,,,,,,,,,,,,,,,,,,,,,,,,,,,,,46.9900512695313,,,
AGO,Angola,,,,,,,,,,,,,,,,,,,,,,,,,,,72.1944885253906,,,,,,,,,,,,72.98182678222659,
ALB,Albania,,,,,,,,,,,,,,,,,,,,,,,,,,,99.43515014648442,,,,,,,98.83120727539058,,,98.7911911010742,99.2313995361328,,
ARB,Arab World,,,,,,,,,,,,,,,,72.86641897393879,,,,,,,,,,81.5986092592738,,,,,,,,,,88.6757065307968,,,,
ARE,United Arab Emirates,63.04761,,,,,,,,,,82.47263000000001,,,,,,,,,,,,,,,,,,,,95.0064544677734,,,,,,,,,
ARG,Argentina,,,,,,96.88255,,,,,,,,,,,98.30464,,,,,,,,,,98.91665649414058,,,,,,,,,,,,99.26104736328129,
ARM,Armenia,,,,,,,,,,,,,,,99.90997,,,,,,,,,,,,99.80728149414058,,,,,,,,,,99.8473968505859,,,
ASM,American Samoa,,,,,,97.65420999999999,,,,,,,,,,,,,,,,,,,,,,,,,,,,,,,,,,
AUT,Austria,,,,,,,,,,,,,,,,,,,,,,,,,,,,,,,,,,,,,,98.00550079345699,,
AZE,Azerbaijan,,,,,,,,,,,,,,,,,,,,,,,,,99.8860931396484,,,,,,,,100.0,,99.9512939453125,99.9505996704102,99.94409942626949,99.9367523193359,99.9524688720703,99.9569931030273
BDI,Burundi,,,,,30.97659,,,,,,,,,,,53.555209999999995,,,,,,,,,,73.3300552368164,,,,,,,,88.8863677978516,,,,,,
BEN,Benin,,,,,29.78674,,,,,,,,,,,,,39.87661,,,,,,,,,,45.3096237182617,,,,42.3627052307129,,,,,,,,
BFA,Burkina Faso,14.37752,,,,,,,,,,,,,,,,20.18029,,,,,19.41415,,,,,,,31.2292594909668,,32.9666175842285,32.730602264404205,39.257781982421896,,,,,,,
BGD,Bangladesh,,,,,,,35.65325,,,,,,,,,,44.680820000000004,,,,,,,,,,63.6227340698242,,,,,,,,,,,,81.0772399902344,
BGR,Bulgaria,,,,,,,,,,,,,,,,,,,,,,,,,,,98.2124786376953,,,,,,,,,,97.86505126953129,,,
BHR,Bahrain,,,,,,,86.29309,,,,,,,,,,96.9381,,,,,,,,,,97.0247116088867,,,,,,,,,98.1635971069335,,,,
BIH,Bosnia and Herzegovina,,,,,,,,,,,,,,,,,,,,,,,,,,99.7939300537109,,,,,,,,,,,,,99.6723403930664,
BLR,Belarus,,,,,,,,,,,,,,,99.76628000000001,,,,,,,,,,99.79183959960942,,,,,,,,,,99.82321166992192,,,,,
BLZ,Belize,,,,,,,,,,,,,,,,,76.42048,,,,,,,,,,,,,,,,,,,,,,,
BOL,Bolivia,,83.55198,,,,,,,,,,,,,,,,93.89611,,,,,,,,,97.3237838745117,,,,,,99.4413604736328,99.12249755859379,99.38397216796879,,99.0075225830078,98.9958877563477,,
BRA,Brazil,,,,,,83.91427,,,,,,,,,,,,,,,,,,,,94.18411254882808,,,,96.8438568115234,,97.5822982788085,97.80062866210942,97.8436279296875,98.0655364990234,97.5141220092773,98.4869155883789,98.6196517944335,98.7366790771484,
BRN,Brunei Darussalam,,,,,,,93.68101,,,,,,,,,,98.09566,,,,,,,,,,98.8937835693359,,,,,,,,,,99.3667678833008,,,
BTN,Bhutan,,,,,,,,,,,,,,,,,,,,,,,,,,,,,,,74.4052047729492,,,,,,,,,
BWA,Botswana,,,,,,,,,,,,,,,,,89.2583,,,,,,,,,,,,93.9574432373047,,,,,,,,,,97.58788299560551,
CAF,Central African Republic,34.512440000000005,,,,,,,,,,,,,48.202329999999996,,,,,,,,,,,,60.8070487976074,,,,,,,,,,36.356269836425795,,,,
CEB,Central Europe and the Baltics,,,,,,,,,,,,,,,,99.56685622001059,,,,,,,,,,99.26230464864479,,,,,,,,,,99.48356899480659,,,,
CHL,Chile,,,,,,,,96.65398,,,,,,,,,,98.42796,,,,,,,,,,98.9909820556641,,,,,,99.1535797119141,98.87237548828129,,99.4081878662109,,,
CHN,China,,,,,,,,88.77334,,,,,,,,94.28147,,,,,,,,,,98.8587265014648,,,,,,,,,,99.6422882080078,,,,
CIV,Cote d'Ivoire,,,,,,,,,,,,,,48.50848,,,,,,,,,,47.05871,,60.7236557006836,,,,,,,,,,,,48.3099594116211,,
CMR,Cameroon,,68.81703,,,,,,,,,,,,,,,,,,,,,,,,83.098289489746,,,,,,,83.1355743408203,,,80.5744400024414,,,,
COG,"Congo, Rep.",,,,,,,,,,,,,,,,,,,,,,,,,,,,,,,,,,,,,80.913948059082,,,
COL,Colombia,,,,,,,,,,,,,,,,,,,90.52465,,,96.995,,,,,,,,97.9913101196289,97.95840454101558,97.88317108154301,97.9686279296875,97.9892730712891,97.9374313354492,98.09841918945308,98.23937225341801,,,
COM,Comoros,,,,,,61.71301999999999,,,,,,,,,,,,,,,,,,,,80.1857604980469,,,,,,,,,,,,,86.8080825805664,
CPV,Cabo Verde,,,,,,,,,,,,,,,,88.16790999999999,,,,,,,,,,,,,,97.11495971679692,,,,,,,,98.12896728515629,,
CRI,Costa Rica,,,,,,,,,,97.14819,,,,,,,,,,,,,,,,97.6146926879883,,,,,,,,,,,99.1337051391602,,,
CSS,Caribbean small states,,,,,,,,,,,,,,,,,,,,,,,,,,94.25867443056922,,,,,,,,,,95.98971138556401,,,,
CUB,Cuba,,,,,,,99.56857,,,,,,,,,,,,,,,,,,,,,99.9556045532227,,,,,,,,,,99.874656677246,,
CYM,Cayman Islands,,,,,,,,,,,,,,,,,,,,,,,,,,,,,,,,,98.9068222045898,,,,,,,
CYP,Cyprus,,,,,,,,,,,,,,,,,,99.62139,,,,,,,,,99.77493286132808,,,,,,,,,,99.82098388671879,,,
DOM,Dominican Republic,,,,,,,82.6242,,,,,,,,,,,,,,,,,,,,,94.2175750732422,,,,,95.786865234375,,,96.8057479858398,97.0419082641602,97.0238876342773,97.4724349975585,
DZA,Algeria,,,,,,,,,,,,,74.32727,,,,,,,,,,,,,,,90.13720703125,,,,91.7796401977539,,,,,,,,
EAP,East Asia & Pacific (developing only),,,,,,,,,,,,,,,,93.55690497025441,,,,,,,,,,97.88943972134041,,,,,,,,,,98.8263531874996,,,,
EAS,East Asia & Pacific (all income levels),,,,,,,,,,,,,,,,94.05649813124359,,,,,,,,,,98.0116569397381,,,,,,,,,,98.87057289583021,,,,
ECA,Europe & Central Asia (developing only),,,,,,,,,,,,,,,,97.79402883676019,,,,,,,,,,98.34319378332121,,,,,,,,,,99.534543161931,,,,
ECS,Europe & Central Asia (all income levels),,,,,,,,,,,,,,,,99.12429141343469,,,,,,,,,,99.2770836895323,,,,,,,,,,99.6946779388711,,,,
ECU,Ecuador,,,,,,,,93.40146,,,,,,,,96.19471,,,,,,,,,,,96.4372100830078,,,,,,95.42797088623051,,96.8311004638672,98.65270233154301,98.6948394775391,98.83163452148442,98.604637145996,
EGY,"Egypt, Arab Rep.",,51.03117,,,,,,,,,,63.327619999999996,,,,,,,,,,73.21869000000001,,,,,,,,,84.9328994750977,84.8782730102539,,,,87.50963592529301,,89.28192138671879,92.0234146118164,
EMU,Euro area,,,,,,,,,,,,,,,,,,,,,,,,,,99.68601023043541,,,,,,,,,,99.7598958896056,,,,
ERI,Eritrea,,,,,,,,,,,,,,,,,,,,,,,,,,,,77.94529724121091,,,,,,,,,,,91.77686309814449,
ESP,Spain,,,,,,,98.64195,,,,,,,,,,99.55456,,,,,,,,,,,,,99.5582046508789,99.5377960205078,,99.5693359375,99.5643081665039,99.5989990234375,99.59463500976558,99.6993942260742,99.6727752685547,99.6692581176758,
EST,Estonia,,,,,,,,,,,,,,,99.86789,,,,,,,,,,,99.77050018310551,,,,,,,,,,,99.9488983154297,,,
ETH,Ethiopia,,,,,,,,,,,,,,,,,,,,33.5854,,,,,,,,,,49.9000015258789,44.6059646606445,,54.9829788208008,,,,,,,
EUU,European Union,,,,,,,,,,,,,,,,,,,,,,,,,,99.6205018832002,,,,,,,,,,99.7359971976408,,,,
FCS,Fragile and conflict affected situations,,,,,,,,,,,,,,,,,,,,,,,,,,73.47081960004591,,,,,,,,,,76.5771983243842,,,,
GAB,Gabon,,,,,,,,,,,,,,,,,,,93.20872,,,,,,,,,,,96.7076797485352,,,,,,,,88.50414276123051,,
GEO,Georgia,,,,,,,,,,,,,,,,,,,,,,,,,,,,99.8254165649414,,,,,,,,,,,99.79766845703129,
GHA,Ghana,,,,,,,,,,,,,,,,,,,,,,,,,,70.6630630493164,,,,,,,,,,85.7161483764648,,,,
GIN,Guinea,,,,,,,,,,,,,,,,,,,,,,27.716390000000004,,,,,,,47.0912590026855,,,,,,,31.4064159393311,,,,
GMB,"Gambia, The",,,,,,,,,,,,,,,,,,,,,,,,,,52.555015563964794,,,,,,,,,,,,,70.721549987793,
GNB,Guinea-Bissau,,,,,36.40142,,,,,,,,,,,,,,,,,,,,,59.492847442627,,,,,,,,,,,,,75.3038024902344,
GNQ,Equatorial Guinea,,,,,,,,,,,,,,,,,,,,,,,,,,97.1313705444335,,,,,,,,,,,,,98.166160583496,
GRC,Greece,,,,,,,98.96705,,,,,,,,,,98.98399,,,,,,,,,,98.9405364990234,,,,,,,,,,,,99.402488708496,
GTM,Guatemala,,,,,,,,,,,,,,,,,,,,75.9882,,,,,,,,82.2202606201172,,,,,,,,,,93.65347290039058,91.8519134521484,
GUM,Guam,,,,,,95.61106,,,,,,,,,,,,,,,,,,,,,,,,,,,,,,,,,,
GUY,Guyana,,,,,,,,,,,,,,,,,,,,,,,,,,,,,,,,,,,93.0989456176758,,,,,
HIC,High income,,,,,,,,,,,,,,,,,,,,,,,,,,99.3932997327239,,,,,,,,,,99.5545423048408,,,,
HND,Honduras,,,,,,,,,,,,,,,,,,,,,,,,,,,88.94271850585942,,,,,,93.92430877685551,,,95.1506881713867,95.9250030517578,94.98095703125,95.0664901733398,95.6770706176758
HPC,Heavily indebted poor countries (HIPC),,,,,,,,,,,,,,,,57.028891441198596,,,,,,,,,,62.9230753277024,,,,,,,,,,68.3042930489917,,,,
HRV,Croatia,,,,,,,,,,,,,,,,,99.63589,,,,,,,,,,99.6486434936523,,,,,,,,,,99.72362518310551,,,
HTI,Haiti,,,,,,,,51.15302,,,,,,,,,,,,,,,,,,,,,81.616325378418,,,72.3467178344727,,,,,,,,
HUN,Hungary,,,,,,99.37115,,,,,,,,,,,,,,99.14558000000001,,,,,,,,,,99.00161743164058,,,,,,,,,98.8670425415039,
IDN,Indonesia,,,,,,85.43709,,,,,,,,,,96.20756,,,,,,,,,,,,,,98.70545196533199,,96.6510391235352,,99.460105895996,99.47374725341801,,98.7779998779297,,,
IND,India,,,,,,,53.784569999999995,,,,,,,,,,61.90028,,,,,,,,,,76.4257049560547,,,,,81.130859375,,,,,86.1448822021484,,,
IRN,"Iran, Islamic Rep.",,56.45386,,,,,,,,,,75.2049,,,,,86.97426999999999,,,,,93.02831,,,,,,96.6260986328125,,,97.43152618408199,96.64370727539058,,98.6556930541992,,,,98.01439666748051,,
IRQ,Iraq,,,,,,,,,,,,,,,,,,,,,,,,,,84.7968063354492,,,,,,,,,,,,,81.9500274658203,
ISR,Israel,,,,,,,,,98.56286,,,,,,,,,,,,,,,,,,,,,,,,,,,,,,,
ITA,Italy,,,,,,,99.64338000000001,,,,,,,,,,,,,,,,,,,,99.8121337890625,,,,,,,,,,,,99.9235076904297,
JAM,Jamaica,,,,,,,,,,,,,,,,,,,,,,,,,91.6034088134766,,,,,,,,,,,,,,96.0971908569335,
JOR,Jordan,,,,,90.50848,,,,,,,,,,,,,,,,,,,,,,,,99.1325912475585,,98.9753875732422,,98.9493408203125,,,98.762351989746,99.148681640625,99.10572052001949,,
KAZ,Kazakhstan,,,,,,,,,,,,,,,99.72572,,,,,,,,,,99.8451309204102,,,,,,,,,,99.8345108032227,,,,,
KEN,Kenya,,,,,,,,,,,,,,,,,,,,,,,,,,92.5281753540039,,,,,,,82.3904724121094,,,,,,,
KGZ,Kyrgyz Republic,,,,,,,,,,,,,,,,,,,,,,,,,99.6956253051758,,,,,,,,,,99.751853942871,,,,,
KHM,Cambodia,,,,,,,,,,,,,,,,,,,,,,,,76.31821,,,,,,83.3828659057617,,,,87.47137451171879,87.1324615478516,,,,,
KWT,Kuwait,72.22216,,,,,78.97543,,,,,87.45606,,,,,,,,,,92.04306,,,,,,,,,,99.73336791992192,98.5121688842773,98.4472274780273,98.6433486938477,,,,98.7822647094727,99.15374755859379,
LAC,Latin America & Caribbean (developing only),,,,,,,,,,,,,,,,92.9000750149185,,,,,,,,,,96.0233536277632,,,,,,,,,,97.5475343368417,,,,
LAO,Lao PDR,,,,,,,,,,,,,,,,,,,,,71.13364,,,,,80.5985565185547,78.4579849243164,,,,83.9310607910156,,,,,,,,,
LBN,Lebanon,,,,,,,,,,,,,,,,,,,,,,,,,,,,,,,,,98.7147903442383,,,,,,,
LBR,Liberia,,,,,,,,,,47.633790000000005,,,,,,,,,,59.98444,,,,,,,,,,49.1521186828613,,,49.07410812377921,,,,,,,
LBY,Libya,,,,,,,,,,89.3379,,,,,,,,,,89.3379,,,,,,,,,,99.6493911743164,,,,,,,,,99.9293594360352,
LCN,Latin America & Caribbean (all income levels),,,,,,,,,,,,,,,,93.53474143032551,,,,,,,,,,96.3194569348143,,,,,,,,,,97.72385689985649,,,,
LDC,Least developed countries: UN classification,,,,,,,,,,,,,,,,56.215219968001,,,,,,,,,,65.0804953285651,,,,,,,,,,72.51383178839829,,,,
LIC,Low income,,,,,,,,,,,,,,,,56.509780751720506,,,,,,,,,,63.02233592332029,,,,,,,,,,68.0995210151525,,,,
LKA,Sri Lanka,,,,,,,91.04334,,,,,,,,,,,,,,,,,,,,95.58863067626949,,,,,97.4840621948242,,97.98180389404301,,98.15792846679692,,,,
LMC,Lower middle income,,,,,,,,,,,,,,,,70.2607354923013,,,,,,,,,,78.9558449331045,,,,,,,,,,85.8457859911835,,,,
LMY,Low & middle income,,,,,,,,,,,,,,,,79.8570534178123,,,,,,,,,,84.93477235395659,,,,,,,,,,89.0255027458165,,,,
LSO,Lesotho,,,,,,,,,,,,,,,,,,,,,,,,,,90.926902770996,,,,,,,,,83.1944122314453,,,,,
LTU,Lithuania,,,,,,,,,,,,,,,99.67376,,,,,,,,,,,,99.70166778564449,,,,,,,,,,99.85580444335942,,,
LVA,Latvia,,,,,,,,,,,,,,,99.78441,,,,,,,,,,,99.7502670288085,,,,,,,,,,,99.8354339599609,,,
MAC,"Macao SAR, China",,,,,,,94.70312,,,,,,,,,,,,,,,,,,,,99.633544921875,,,,,99.6442413330078,,,,,99.6729049682617,,,
MAR,Morocco,,,,,,,,44.13794,,,,,,,,,,,,58.43489,,,,,,,,,,70.4575958251953,,,,77.8629608154297,79.47369384765629,,81.51007080078129,,,
MDA,Moldova,,,,,,,,,,,,,,,99.72935,,,,,,,,,,,99.5250778198242,,,,,,,,,,,,,100.0,
MDG,Madagascar,,,,,,,,,,,,,,,,,,,,,,,,,,70.2362213134766,,,,,,,,,64.94024658203129,,,,,
MDV,Maldives,,,85.60898,,,,,,,,95.53619,,,,,98.19962,,,,,98.17012,,,,,98.1701202392578,,,,,,99.3010101318359,,,,,,,,
MEA,Middle East & North Africa (all income levels),,,,,,,,,,,,,,,,77.5167403630024,,,,,,,,,,87.19429230593072,,,,,,,,,,92.56818222005519,,,,
MEX,Mexico,,,,,,91.9472,,,,,,,,,,95.41824,,,,,,,,,,96.6122817993164,,97.60458374023442,,97.5644378662109,97.6358413696289,97.89566040039058,98.1560897827148,98.3823013305664,98.524658203125,98.4345169067383,98.4617691040039,98.8754119873047,98.5644989013672,
MIC,Middle income,,,,,,,,,,,,,,,,81.8589935036776,,,,,,,,,,87.25958391605309,,,,,,,,,,91.48519552937228,,,,
MKD,"Macedonia, FYR",,,,,,,,,,,,,,,,,,,,98.86117,,,,,,,,98.7426986694335,,,,,,,,,,,98.63583374023442,
MLI,Mali,,19.64623,,,,,,,,,,,,,,,,,,,,,,24.18667,,,,,30.5890293121338,,,38.8161201477051,,,,44.3017082214355,47.1369781494141,,,
MLT,Malta,,,,,,,,,,,98.21375,,,,,,,,,,96.03227,,,,,,,,,,98.2650299072266,,,,,,98.8819351196289,,,
MMR,Myanmar,,,,,,,,,84.89707,,,,,,,,,,,,,,,,,94.58631134033199,,,,,,,,,,,,,96.12908935546879,
MNA,Middle East & North Africa (developing only),,,,,,,,,,,,,,,,76.1602776674662,,,,,,,,,,86.13493643098779,,,,,,,,,,91.77645580734672,,,,
MNE,Montenegro,,,,,,,,,,,,,,,,,,,,,,,,,,,,,,,,,,,,,99.21182250976558,,,
MNG,Mongolia,,,,,,,,,,,,,,,,,,,,,,,,,,97.7101211547852,,,,,,,,,,98.4602432250977,,,,
MOZ,Mozambique,,,,,,43.64436,,,,,,,,,,,,,,,,,46.97,,,,,,61.8928909301758,,,,,,67.14963531494139,,,,,
MRT,Mauritania,,,,,,,,,,,,,,,,,,,,,,,,,,61.3366470336914,,,,,,,56.1224365234375,,,,,,,
MUS,Mauritius,,,,,,,,,,,,,,,,91.19199,,,,,,,,,,94.538963317871,,,,,,,,,,,98.1303558349609,,,
MWI,Malawi,,,,,,,,,,,,,59.017680000000006,,,,,,,,,,,76.0075,,,,,,,,,,,,72.1395645141602,,,,
MYS,Malaysia,,,,,,87.96864000000001,,,,,,,,,,,95.56388000000001,,,,,,,,,97.23780059814449,,,,,,,,,,98.4187164306641,,,,
NAM,Namibia,,,,,,,,,,,,,,,,,88.11243,,,,,,,,,,92.3367156982422,,,,,,87.0954132080078,,,,,,,
NCL,New Caledonia,,97.46415999999999,,,,,,,,,,,,,98.75698,,,,,,,99.0946,,,,,,,,,,,,,,,,,99.65753173828129,
NER,Niger,,,,,,,,,,,,,,,,,,,,,,,,,,,19.791193008422894,,,,36.546779632568395,,,,,,,23.5237770080566,,
NGA,Nigeria,,,,,,,,,,,,,,,,,71.18906,,,,,,,,,,,,68.9937744140625,,,,,66.383544921875,,,,,,
NIC,Nicaragua,,,,,,,,,,,,,,,,,,,,,,,,,,,86.2225189208984,,,,87.00924682617192,,,,,,,,,
NOC,High income: nonOECD,,,,,,,,,,,,,,,,97.74113513187851,,,,,,,,,,98.64426522208859,,,,,,,,,,99.20324995393707,,,,
NPL,Nepal,,,,,,,30.03845,,,,,,,,,,49.60372,,,,,,,,,,70.05361938476561,,,,,,,,,,84.7571487426758,,,
OMN,Oman,,,,,,,,,,,,,,,,,,,,,,,,,,,,,97.2813262939453,,,,,97.62982177734379,,97.7437286376953,,,,99.0943222045898
OSS,Other small states,,,,,,,,,,,,,,,,78.9700452342289,,,,,,,,,,84.09820767881641,,,,,,,,,,85.1751257014341,,,,
PAK,Pakistan,,,,,,,34.78335,,,,,,,,,,,,,,,,,55.33051999999999,,,,,,,65.08657836914061,69.16580200195311,,71.112907409668,70.67626953125,71.2596206665039,70.7693252563477,72.5834121704102,,
PAN,Panama,,,,,,96.1062,,,,,,,,,,95.08678,,,,,,,,,,96.0798492431641,,,,,,,,,,97.6385345458984,,,,
PER,Peru,,,,,,,93.1198,,,,,,,,,,,,95.36663,,,,,,,,,,,96.75562286376949,97.1237564086914,97.7571258544922,97.3562164306641,,,,,98.6981658935547,,
PHL,Philippines,,,,,,91.78899,,,,,,,,,,96.57808,,,,,,,,,,95.089744567871,,,95.0572128295898,,,,,97.7508010864258,,,,,,
PLW,Palau,,,,,,94.27578000000001,,,,,,,,,,,,,,,,,,,,,,,,,,,,,,,,,99.8114700317383,
PNG,Papua New Guinea,,,,,,,,,,,,,,,,,,,,,,,,,,66.6789932250977,,,,,,,,,,,,,71.584716796875,
POL,Poland,,,,99.79683,,,,,,,,,,,,,,,,99.9992,,,,,,,,,,99.9998626708984,,,,,,,,,99.99996948242192,
PRI,Puerto Rico,,,,,,93.74586,,,,,,,,,,93.16688,,,,,,,,,,,,,,88.6965713500977,,,,,,98.8341751098633,,,,
PRK,"Korea, Dem. Rep.",,,,,,,,,,,,,,,,,,,,,,,,,,,,,,,,,,99.99969482421879,,,,,,
PRT,Portugal,,,,,,,97.94135,,,,,,,,,,99.19949,,,,,,,,,,,,,,,,,,,,99.43511962890629,,,
PRY,Paraguay,,,,,,,,89.58785999999999,,,,,,,,,,95.60734000000001,,,,,,,,,,,,,,,98.79446411132808,97.96424102783199,98.4972915649414,98.6104507446289,,,,98.6862106323242
PSS,Pacific island small states,,,,,,,,,,,,,,,,,,,,,,,,,,92.31991126035892,,,,,,,,,,,,,,
QAT,Qatar,,,,,,,,,,,,89.54293,,,,,,,,,,,94.79075,,,,,,,95.92071533203129,,,99.0601043701172,95.6869888305664,97.7592544555664,96.82015991210942,97.8775100708008,99.0645751953125,98.96033477783199,98.7127151489258
ROM,Romania,,,,,,,,,,,,,,,,,,99.10746,,,,,,,,,,97.7614898681641,,,,,,,,,98.9956893920898,,,
RUS,Russian Federation,,,,,,,,,,,,,,,99.7196,,,,,,,,,,,,,99.72460174560551,,,,,,,,99.70960235595699,,,,
RWA,Rwanda,,,,52.26193,,,,,,,,,,,,,74.89654,,,,,,,,,77.6203308105469,,,,,,,,,,77.344627380371,,82.33074951171879,,
SAS,South Asia,,,,,,,,,,,,,,,,59.093064869995786,,,,,,,,,,72.6125474562963,,,,,,,,,,83.377484746904,,,,
SAU,Saudi Arabia,,,,,,,,,,,,,,,,,,87.85561,,,,,,,,95.9131622314453,,,,95.8496932983398,,,,,,,,,99.22177124023442,
SDN,Sudan,,,,,,,,,,,,,,,,,,,,,,,,,,78.1555862426758,,,,,,,,,,,,,88.48841094970699,
SEN,Senegal,,,,,,,,,,,,,,37.8661,,,,,,,,,,,,,,49.1244888305664,,,,50.85165786743161,,,65.0149078369141,,66.0327377319335,,55.8959426879883,
SGP,Singapore,,,,,,96.28811999999999,,,,,,,,,,98.96670999999999,,,,,,,,,,99.5046005249023,,,,,,,,,,99.75182342529301,99.8238372802734,99.84585571289058,99.88414764404301,
SLB,Solomon Islands,,,,,,,,,,,,,,,,,,,,,,,,,85.0,,,,,,,,,,,,,,,
SLE,Sierra Leone,,,,,,,,,,,,,,,,,,,,,,,,,,,,,,47.92760848999021,,,,,,,,,64.30068969726561,
SLV,El Salvador,,,,,,,,,,,,,,,,,,84.94663,,,,,,,,,,,,92.19866943359379,,94.95098876953129,93.56494140625,95.9574737548828,95.02206420898442,96.03445434570308,96.5450897216797,,97.2241973876953,
SRB,Serbia,,,,,,,,,,,,,,,,,,,,,,,,,,,,,,,,,,,,,99.3086929321289,,,
SSA,Sub-Saharan Africa (developing only),,,,,,,,,,,,,,,,64.6640566225593,,,,,,,,,,68.19770245772379,,,,,,,,,,70.7893889460212,,,,
SSD,South Sudan,,,,,,,,,,,,,,,,,,,,,,,,,,,,,,,,,,36.7022743225098,,,,,,
SSF,Sub-Saharan Africa (all income levels),,,,,,,,,,,,,,,,64.6875630226579,,,,,,,,,,68.21657617459441,,,,,,,,,,70.81531202466441,,,,
SST,Small states,,,,,,,,,,,,,,,,83.6924865496618,,,,,,,,,,87.2099978500557,,,,,,,,,,88.0620432182435,,,,
STP,Sao Tome and Principe,,,,,,,82.39922,,,,,,,,,,93.84996,,,,,,,,,,95.41546630859379,,,,,,,80.2031631469727,,,,,,
SUR,Suriname,,,,,,,,,,,,,,,,,,,,,,,,,,,,,,94.8811416625977,,,,99.4164199829102,,98.3766403198242,,,,
SVN,Slovenia,,,,,,,,,,,,,,,,,99.75774,,,,,,,,,,,,,99.8267593383789,,,,,,,,,99.8560104370117,
SWZ,Swaziland,,75.45245,,,,,,,,,,83.74824,,,,,,,,,,,,,,91.8632431030273,,,,,,,,,,93.5022964477539,,,,
SYC,Seychelles,,,,,,,,,,,,,97.64999,,,,,,,98.81331999999999,,,,,,,,99.0647735595703,,,,,,,,98.971336364746,,,,
SYR,Syrian Arab Republic,,,,,,,74.27641,,,,,,,,,,,,,,,,,,,,,95.18883514404301,,92.4538116455078,,,,,,,,,95.8572235107422,
TCD,Chad,,,,,,,,,,,,,,,,,,,17.347379999999998,,,,,,,37.55735397338871,,,,41.673122406005895,,,,,,,,,50.166290283203104,
TGO,Togo,,,,,,,,,,,,,,,,,,,,,,,,,,74.439567565918,,,,,,76.4529342651367,,,81.735984802246,,79.8859100341797,,,
THA,Thailand,,,,,,96.86735,,,,,,,,,,,,,,,,,,,,97.9753875732422,,,,,98.05091094970699,,,,,96.5975723266602,,,,
TJK,Tajikistan,,,,,,,,,,,,,,,99.70358,,,,,,,,,,,99.8470611572266,,,,,,,,,,,,,99.8718109130859,
TKM,Turkmenistan,,,,,,,,,,,,,,,,,,,,,99.81042,,,,,,,,,,,,,,,,,,99.8339004516602,
TMP,Timor-Leste,,,,,,,,,,,,,,,,,,,,,,,,,,,,,,,,,,,,79.5286865234375,,,,
TON,Tonga,,99.81926999999999,,,,,,,,,,,,,,,,,,,,99.30875,,,,,,,,,,99.4247589111328,,,,,99.4370346069335,,,
TTO,Trinidad and Tobago,,,,,,99.2194,,,,,,,,,,99.3,,,,,,,,,,,,,,99.4911575317383,,,,,,,,,99.58959197998051,
TUN,Tunisia,,,,,,,,,,74.28412,,,,,,,,,,82.84604,,,,,,,,,,94.33898162841801,,,96.29969024658199,96.7942581176758,,97.17172241210942,97.304443359375,,,
TUR,Turkey,80.05492,,,,,84.69108,,,,,90.90142,,,,,92.54366,,,,,,,,,,,,,,95.6035003662109,96.118553161621,96.1815032958984,96.3623428344727,,97.8074722290039,98.2245864868164,98.7093505859375,99.01602172851558,99.2274322509766,
TZA,Tanzania,,,,,,,,,,,,,,81.7533,,,,,,,,,,,,,,78.3960494995117,,,,,,,,74.5605239868164,,85.94000244140629,,
UGA,Uganda,,,,,,,,,,,,,,,,,69.80079,,,,,,,,,,,80.791160583496,,,,84.0656509399414,,,,87.4088287353516,,83.6588821411133,,
UKR,Ukraine,,,,,,,,,,,,,,,,,,,,,,,,,,,99.8048553466797,,,,,,,,,,,,99.769187927246,
UMC,Upper middle income,,,,,,,,,,,,,,,,93.02486857737041,,,,,,,,,,97.5144394310477,,,,,,,,,,98.507995607843,,,,
URY,Uruguay,98.29623000000001,,,,,,,,,,98.62861,,,,,,,,,,,98.58024,,,,,,,,,,98.71251678466801,98.7591400146484,98.9681396484375,99.04943084716801,98.7841949462891,98.8622207641602,98.9552536010742,98.9297561645508,
UZB,Uzbekistan,,,,,,,,,,,,,,,,,,,,,,,,,,99.8743515014648,,,,,,,,,,,,,99.9444198608398,
VEN,"Venezuela, RB",,,,,,,93.11176,,,,,,,,,95.43903,,,,,,,,,,,97.19933319091801,,,,,,98.3987808227539,,98.53329467773442,,97.5591583251953,,,
VNM,Vietnam,,,,,95.02512,,,,,,,,,,93.73425,,,,,,,,,,93.88233184814449,94.83651733398442,,,,,,,,,97.0916748046875,,,,,
VUT,Vanuatu,,,,,71.8296,,,,,,,,,,,,,,,86.2521,,,,,,,,,,91.9884185791016,,,,,,,,,95.1914825439453,
WBG,West Bank and Gaza,,,,,,,,,,,,,,,,,,,,,,,97.04655,,,,,,,98.9418182373047,,99.0913848876953,99.0620574951172,99.1502227783203,99.2332534790039,99.24203491210942,99.3123245239258,99.28732299804692,99.3484268188477,99.3635101318359
WLD,World,,,,,,,,,,,,,,,,83.2052773631419,,,,,,,,,,87.318048229143,,,,,,,,,,90.55137081695179,,,,
WSM,Samoa,,,,,,,,,,,,,,,,,99.04444000000001,,,,,,,,,,,,,99.3838119506835,,,,,,,99.23565673828129,,,
YEM,"Yemen, Rep.",,,,,,,,,,,,,,,,,,,,60.22215,,,,,,,,,,76.8994369506835,,,,,,,,,88.4095077514648,
ZAF,South Africa,,,,,,85.16586,,,,,,,,,,,,,,,,93.90515,,,,,,,,,,,97.5707778930664,,98.36508178710942,98.6441268920898,98.7896575927734,98.8820419311523,,
ZAR,"Congo, Dem. Rep.",,,,,,,,,,,,,,,,,,,,,,,,,,,70.416259765625,,,,,,65.7765274047852,,,,,83.59754943847659,,
ZMB,Zambia,,,,,,,,,,,,,,,,66.38116,,,,,,,,,69.4572219848633,,,69.0888137817383,,,,,64.0496368408203,,,,,,,
ZWE,Zimbabwe,,,,,,,,89.02186,,,,,,,,,,95.41136,,,,,,,,,,,,,,,,,,,90.9307022094727,,,
